address,label,source
0x38b00b0b025f2365def28e37439e255307b055a7,scam,scamsniffer
0xb69157542bcbe2a3f8200854a46e42a418feedef,scam,scamsniffer
0xfbe051acf47666a6f23ace6ccd6f63d15def7826,scam,scamsniffer
0x90162a69b855bc8477d2d0f013dce3e217fcc8dd,scam,scamsniffer
0xb8c5b68355b5daa8333db2a1b39072d0cac7b494,scam,scamsniffer
0xa4ed13597445695f848c0c631d881e0347def86c,scam,scamsniffer
0x33a8d735e415ac77ef8f3c415cdbc361fb2abf3f,scam,scamsniffer
0xdf97aaec23ce2fe7a40327990d1fa606a91296fc,scam,scamsniffer
0x9afdbc669f83f2eb81f5cb3c12d26454cb9c0e27,scam,scamsniffer
0xede26742364289d24a3c17d11b293b09ff63db1c,scam,scamsniffer
0x1feeb5c715def8b8eeea227739aa50a539b3d708,scam,scamsniffer
0xff30b32c7e7da16cc7cd100a54ecd77b103d1a1c,scam,scamsniffer
0xb3e5c6be2480850d92b9641fd327aa4a7423f95d,scam,scamsniffer
0xc080a256baa2959ccd8b6a9d879830cdb0877c24,scam,scamsniffer
0xcc068ee1004adaa2ca5760e29b2ef657c74a401e,scam,scamsniffer
0x3cb5650599ebfe4e96f94770d49bbe76bdec4cca,scam,scamsniffer
0x6011ac0035cacd356ef9cbb404166ae793a1f4ba,scam,scamsniffer
0x24d2f974327cb49a6e6c56ca7d2b7993315ffb7c,scam,scamsniffer
0x6b65511e18f8cab0af076c63c29c218842427d49,scam,scamsniffer
0x5b791a69b40416358229166f8c576ed71ec10647,scam,scamsniffer
0x5f00a29882b5683586afd0baa4e22b083b941978,scam,scamsniffer
0x25d34ce16bab70c38dc0ca46b745d54b7a36cfac,scam,scamsniffer
0x194c9781f9337ea65a1b8dfff12dc32bed7b5ca3,scam,scamsniffer
0x6ee164d8a52f4fa6a0b79da49de2fa56cc208142,scam,scamsniffer
0x9fc2a70958814178b9b588bf7abd691f0011f030,scam,scamsniffer
0x2d25719aa237cd23a214388cd8c8487c7b76dc8f,scam,scamsniffer
0x4becbdf08e5ef5de9939be748c409774f5735b01,scam,scamsniffer
0x415a9d9830447811aae0dc5e04b81b470b3eb65f,scam,scamsniffer
0xd7694264c87b864d32b2f4bd14f07b5cdd60a100,scam,scamsniffer
0x8d1d6c9a058ad31de1ec3c773e05d1ddb4c018ec,scam,scamsniffer
0x4d53869f39e4258f3759783390241f209af6416d,scam,scamsniffer
0x15aff8d004a5dc6053cfb598b2af44e1e99ee3e3,scam,scamsniffer
0x5426d6c09349a7c96ff666c4747e154cc86481e5,scam,scamsniffer
0xc8bfd14b558a9265eb2405ea55f26a42cff8b569,scam,scamsniffer
0xd8276eb3d27e6af013398711f710ceb76d51d22f,scam,scamsniffer
0x422e922f018d6661375a7139a89839328aa130dc,scam,scamsniffer
0x78b1360f1fe84abcbfbe31621455d73db96a1261,scam,scamsniffer
0x428ef7a429979ebde3b8d2b361123703bd998e26,scam,scamsniffer
0x23f84ddc0f55c339af60d8c041a102fa90ca6b28,scam,scamsniffer
0x9b160c95e073a381b86d2a39422c347eca5f88fc,scam,scamsniffer
0x7dbffd0aaff69c5967fa04dcdce5553fbcc11ec3,scam,scamsniffer
0xc013edc160a4ceb28d2998cbdb99f6ff83443117,scam,scamsniffer
0x29a652387f5a1a3dc111d71920e89f8cf3155596,scam,scamsniffer
0xeb8a76b8c320053f147b4c1483dbe99e9f88641d,scam,scamsniffer
0x0ccdd2e45c455eac13ed6edf9648d9125ff8e576,scam,scamsniffer
0xff34023396de50ee46f65c7f9f327ace9cfb8266,scam,scamsniffer
0x2b48ccb32c9544dbd221ab573720b1f03d24ae63,scam,scamsniffer
0x833326b482a38c37f24f4f271298936ce8aed3bc,scam,scamsniffer
0x79c3af7677028e1183c54dd655ef4a9dad7b84b9,scam,scamsniffer
0x93594f83589df19b4e5cc836cd1e1379e179a070,scam,scamsniffer
0x9ba289a21c31665752a05d35e6f5b33b5dc934fe,scam,scamsniffer
0xa19fcaac0e32b8217f0fec6149dbd56c3d9420d7,scam,scamsniffer
0xe3d77a45330276fccd6f003cbebdbb13a1f76877,scam,scamsniffer
0x1902d018d5b380437be190e253758d08fb880023,scam,scamsniffer
0x64badd85ea665a9a616dad2b87825913c3c0e68f,scam,scamsniffer
0xa0b8518ed085db19d1a550bd1dbec30c18ddd1af,scam,scamsniffer
0xf8663df7b1943b9f5a4706812edf4a8b41d98e8a,scam,scamsniffer
0x37786b60845b0f301648e23053b676eb92aec322,scam,scamsniffer
0x0f4807e6a014fd218fb56a78f293f211c466c118,scam,scamsniffer
0xe656123f5b16f573e6cd97edab5bc6e68477b80f,scam,scamsniffer
0x2b22d1256fbffed294c83624c08a79d63be13a12,scam,scamsniffer
0xd2356c12b2962a2a218870ab5c0c2a0ff480325f,scam,scamsniffer
0x6a2142b66b8d5c991c3699955e254a8b804d3e44,scam,scamsniffer
0x950cb62960f2399826af70a3adeb622db0e778cb,scam,scamsniffer
0x0555c5fd9b2abbf989335664463a394ba77de14f,scam,scamsniffer
0xc85e65f19442eef47e4ac70843c044df4bb5f4c4,scam,scamsniffer
0x622adeae91fa0d1fbd08cc37cc1bdae1d4cc0738,scam,scamsniffer
0x8fcf2416e7914760f5fee398bad6d091b31723de,scam,scamsniffer
0x9b3bd80bae762a59d6998ee060671a992456d14c,scam,scamsniffer
0x4c0ce7248e8a18d54009b8d2ba982d1b0ca4ea49,scam,scamsniffer
0x600f1bd5729ae704719c8c2f8a09073ada7d86c3,scam,scamsniffer
0x05a242216b23a44127c6643ab5a7b90f1193a2ed,scam,scamsniffer
0x85b9ec2787d47b2cfc21445d19aba062cc3ce923,scam,scamsniffer
0x7943c8dfac2498a6273088915e23653af3fc9648,scam,scamsniffer
0x08a66c51e2d16a44c91592c8d5e62ef94bcbf4aa,scam,scamsniffer
0xdc21d2862e80e9308f1df80f09085af7e8c69445,scam,scamsniffer
0xfef769970bdea8d65e258acf2db91b2e2e24a06a,scam,scamsniffer
0x39ef68fea5b33d0aeaa5b0598a7109853c0a1dfd,scam,scamsniffer
0x444cbe60b4c163c764ba68eefea196a3d514deee,scam,scamsniffer
0xadb4145d5cd07379c250780f312b6d0a77bf6aef,scam,scamsniffer
0xead4d841206ba163b2ddebfd6f014fa7ed5f005c,scam,scamsniffer
0xfc143227931b9e2b05773511f3ce548894562a88,scam,scamsniffer
0x1eb80b13dc0a40adbb0b9846ea3579b8b406da65,scam,scamsniffer
0x8a9eab59d578ff9c6475666b9d565d49ec7c51a2,scam,scamsniffer
0x1e2a7b0726d3b13a3a5a0a1d20c238034853cdfd,scam,scamsniffer
0xb30832f14179b037340ef539f7ed61ab94b71760,scam,scamsniffer
0xe50a2dbc466d01a34c3e8b7e8e45fce4f7da39e6,scam,scamsniffer
0xefa231063d2f6b95353ac4c0f5435d27fa365f66,scam,scamsniffer
0xcb718e76f4f9a7f8d37562c9c38fd50740647fc8,scam,scamsniffer
0x76c4bf187f40cfb56ee0a5e5f26fa1f804827929,scam,scamsniffer
0x8ac27603b5c2c31d32bc8b3b6b738420cf36a74e,scam,scamsniffer
0x1acb3bcc823bfa96084797b59206b7bb4b565319,scam,scamsniffer
0xddaae84c577b5d25876de1f509773059c6e20ea7,scam,scamsniffer
0x66efc9f2604dc771d0081111b296a1e98d4f0a57,scam,scamsniffer
0x0c04272943d9c0144282881d0952ba87e787a3ae,scam,scamsniffer
0x72c6e157e68c8e1e731d413ea46c0db1ca415036,scam,scamsniffer
0x536daba80647ddb85cfeaa08f921c2276d3ac179,scam,scamsniffer
0x0fa90cfdc3a81bf02f5abec69828569804741d30,scam,scamsniffer
0x1b85e75be76d51c68bd1d3559d57785af6e488d0,scam,scamsniffer
0x42b168ea09ba9f1657b5334ec1ce0f3b7d1b7de6,scam,scamsniffer
0x4b7862c779617e4705c9c66c266ea9cb530875e6,scam,scamsniffer
0xa344da96a46cb135f8559177c7872b3dd295c703,scam,scamsniffer
0xf8fdaad144da18333dc111d9d9b9a58fd0ce067b,scam,scamsniffer
0x3d0c7258445018fa9039d20efce80ed1825fe838,scam,scamsniffer
0x44e15afa9019267e8b3c09d9cbdcb552cf5cd7e9,scam,scamsniffer
0xa9c4923f7b294ffc73201ef63bd59938d3e9ba89,scam,scamsniffer
0x5444e7e26c0574faac6d0e06b1a0f9ea3da564fb,scam,scamsniffer
0xe9979c071e8d8ce04b917a6e88f1c82d8d8e5b89,scam,scamsniffer
0x3253e71aef7b8e181062a4b07c57fa85bf12bdd2,scam,scamsniffer
0xf57501e51bbb2f23d532166429e5fae078fef6d8,scam,scamsniffer
0x5556178de6dcb747caea45e27a5b5a70101cba42,scam,scamsniffer
0x744b8197e5d6a513ae577f21dacf60282234b5b2,scam,scamsniffer
0xffe1b64007635ea9164f3a96d2ca10823561fbf7,scam,scamsniffer
0x6ffa15fd1fe59a09be1497df44e8e939308702b3,scam,scamsniffer
0xbe4d5b09a2a35de1cc3b959b404898588964b281,scam,scamsniffer
0x5b19a172b4ce95310d14f49c3575ed84f9b55b27,scam,scamsniffer
0x8151303a4fde4a1a454acf8d3fc735a0cc042f3c,scam,scamsniffer
0x4ca9891b2fa25106549c283cc4767840863c88af,scam,scamsniffer
0x5213895e87f9458afb3795f792bf8957b30d4017,scam,scamsniffer
0xc6f5341d0cfea47660985b1245387ebc0dbb6a12,scam,scamsniffer
0xd8985dc563808510336c32198b031558263a4223,scam,scamsniffer
0x02d917f959fbe6c54188ed5e173731d88cace0f3,scam,scamsniffer
0x825a82aa4324d9c271bd232e61a17123541e2293,scam,scamsniffer
0x26bc917f6b1a162895b28a92b4a7c17da772c1d9,scam,scamsniffer
0x11ceb3aab35e2510d7eee3728468cfea7c39bee6,scam,scamsniffer
0x0eb09fa9b2f28a9064e86d7796db69f3a203e332,scam,scamsniffer
0xc61248fd95d00853e04031221403b5a2275b6906,scam,scamsniffer
0x6f2fb9167d6ff26662bd33459b61a821e3ec34d4,scam,scamsniffer
0xef176f8bd53fa98af209bb1e3c8c12fab4deef98,scam,scamsniffer
0x7b5f326d9e8b36237d17a1918f2fd99992619eae,scam,scamsniffer
0xb12578f3f89f3b52d7d49409eb99d16303b79bab,scam,scamsniffer
0xc0642ea6b5f4f2b7fdaf419125c4aa01dfc8cc8d,scam,scamsniffer
0x7e48d5dee82eda008c721a6dacb485fc4b2cf228,scam,scamsniffer
0x0698bda55cf6887d2932a30845c8ea723fb58b4c,scam,scamsniffer
0x52e7c9a1b0fa655c42ed623e963f8e761d3cede4,scam,scamsniffer
0x86fa387fd0c5e6c82509fefdc5450579f86f5426,scam,scamsniffer
0x2977630140ca9885ab8d721d6f1d8dcb95c77e46,scam,scamsniffer
0x6b51064813627987939376706dff1d1f0dc5d65a,scam,scamsniffer
0xec5036854815d42a4528aa8eb6e8c41c43c0713f,scam,scamsniffer
0x82753c8853cd650699e23d42810587f07f98460d,scam,scamsniffer
0x37c47761117b2d76fa1ea5aef851adb9d87a89c3,scam,scamsniffer
0xed2d7f3ab585d7edbe50c682f0ffd3708f7a1208,scam,scamsniffer
0xfa274ab1fc606d5c044d561cebd296d8f8714598,scam,scamsniffer
0xe060a50caacd04e50e66cca80f76962584140874,scam,scamsniffer
0xe77e93c9c27002e7ea5fe182914eda2e3e758dc7,scam,scamsniffer
0xcafa11ab425425d7986be974d7b9a38ec058320a,scam,scamsniffer
0x47ccbbe2c595091184adaa16a484cba747cc34f6,scam,scamsniffer
0xb2ee777a8bc3b70c34c7f9c3078993d063f5bba0,scam,scamsniffer
0x4dbc6e86be8d10c8d8d6188114cbb79ae4b09e7c,scam,scamsniffer
0x1d562948a1f38d80462d4ff3bb55c8a0f6481ed3,scam,scamsniffer
0xf2c26e2bb5cbdb6cd6e1573b986a55d9cc1f7e5d,scam,scamsniffer
0x0b4bd6edde650a34dc5572e33624e3e077d63fef,scam,scamsniffer
0x000000002651a7206f8d7a23fe4410edf16dbec3,scam,scamsniffer
0xae30c5236c93393fb59ad617239d49482f634554,scam,scamsniffer
0xa2d316e5a1c1fa2e1c8c420e29580da773335678,scam,scamsniffer
0xdf44d2d78038f0b0b4a8a6ce449f54bc24e1474a,scam,scamsniffer
0x4106075f95d04ff988c27917308723adeee749b4,scam,scamsniffer
0xbcd8187b82bbbc1560e69b9f0d999a05342745fa,scam,scamsniffer
0x04a735d026c2f384c00f97c07d2e5ac051806626,scam,scamsniffer
0x4db585f06a2cb9f055770dd49c08dc66a44f68f2,scam,scamsniffer
0xf767f020e241e2d351501f7dcb42d90d84891eef,scam,scamsniffer
0xdf40f5cadb5194a362d48c4f481bad857711bc58,scam,scamsniffer
0xb42e42c80f6af7b6afd8877f4853f0bbc0eb3a43,scam,scamsniffer
0x2b5410b12ddaf243872d3b81fd6e457fd1713c4a,scam,scamsniffer
0x6054981ca84b0c54b722205015dcbbd8720cf9d0,scam,scamsniffer
0xb330665203ffbaf0286e60b82af3fbb4f944e579,scam,scamsniffer
0xeabdc32dc3904ae02b8c71a41ae16b23e7bd3d8b,scam,scamsniffer
0xd9d49546c9353f6ebfd6ee28c6db506ca0645381,scam,scamsniffer
0xed2acaeeff41c1c78266930d83f7a8eeebebded2,scam,scamsniffer
0xdfce1e0eca059e5ea66ce0925277925203ab970d,scam,scamsniffer
0xcc3ee5ab82949e84132e790e63a4105b9b599823,scam,scamsniffer
0xce48aedc08088f0e948e441c6f818c463dd87629,scam,scamsniffer
0xd154ae1e290ae30772baaef8a3ce6603a910534f,scam,scamsniffer
0xe5e5a2926b282a9b19015b212cf2974bdf5bba08,scam,scamsniffer
0x1305661f7dad36b0a14fe33234cecb991cc84cf5,scam,scamsniffer
0xe9852df43c7d6355d1c417017ea457731242812c,scam,scamsniffer
0x513462c44978a1375f030aa9510874823f4bb690,scam,scamsniffer
0x448891c149a699264daa8b9b290d2b5983bf48cf,scam,scamsniffer
0x9904b4376a5caad128f338997601508fe6af2beb,scam,scamsniffer
0x41fe63738eeab23a70e38fd1ce10989716eacac8,scam,scamsniffer
0x5438c8c41af44ca10340e2a9b2af962396b2a729,scam,scamsniffer
0x2e541bd6bdaf0e52f2bc000ddc483de00b5e26e5,scam,scamsniffer
0x1dfb78f82b083ac5d7d184954aec66ed33090b2b,scam,scamsniffer
0x010b7dbc4ae899196b1ffbec4b59561858692589,scam,scamsniffer
0x6f777797d9c60ae334fc4561b0c931fa9f442395,scam,scamsniffer
0x4873187a8d4a5c68dafa1364f2cd1e7ac70036e2,scam,scamsniffer
0x57862f4c20fd3450bf63381235b1d36095daf364,scam,scamsniffer
0xbfd3beea69a886e800d577516bfd57886b76e78e,scam,scamsniffer
0x6e89cdf2622208ad58d10aad6ee0a6e93f777488,scam,scamsniffer
0xb67897a53275f258fb4e0c02b29c9cd197bec9f5,scam,scamsniffer
0x75e44f7541d5ce46f4d21075b45760f109c14b51,scam,scamsniffer
0x2b5d947dd955df7c2b09f849b1a5d634375ea32e,scam,scamsniffer
0xb611e5b4a1c567957d5589cd896b078bab203942,scam,scamsniffer
0x22dd67345c10140163a7cc15acca977edef3ae9e,scam,scamsniffer
0xe9b01a715c17080a4fd8182cfc2e77595f7c62ce,scam,scamsniffer
0xb81d7efa288231ea256d610458bac8c4625cd6ee,scam,scamsniffer
0x625498d243f432fe24b6d3371f9e50f60ba8fe04,scam,scamsniffer
0x7bccd4a1ca683ad86d4f08ad6978337f3f1be588,scam,scamsniffer
0x1b65daca93a7cf00f44648920a1f61c3cce646d8,scam,scamsniffer
0x78aeaaf5a1332d690bc00773fe8baf2c750893cf,scam,scamsniffer
0x55c3f34c992cbac8d966609773fbc441dddd9c45,scam,scamsniffer
0xc36c22dd0dbd1882743f78374d93f5cf192da033,scam,scamsniffer
0xcb804f75f641bc6a876aa0b682c1e3d6fcac2a07,scam,scamsniffer
0x124ba0671024cc8d3df23cee5da034076797b7a2,scam,scamsniffer
0xca98f11729895dec59b614cc9c7432bf4b9e8e8d,scam,scamsniffer
0x6fae7fc943edd3ff852176abe2a1f7e1dd1b94b7,scam,scamsniffer
0xd8770e115b9fdc20c9143a8d2435242c3dc0e324,scam,scamsniffer
0x7841d353cae6201788f5fc6f10e37309122d9bd8,scam,scamsniffer
0x7832128ce0d590e8f2c3edfcac5d3b99fe464ae4,scam,scamsniffer
0xff92104ffa62db76aa7fc9ec97442dacfe05e99c,scam,scamsniffer
0x0b3e87a076ac4b0d1975f0f232444af6deb96c59,scam,scamsniffer
0x3afa83bfed6cb8a57941a17608fa8f1e01c20e13,scam,scamsniffer
0x3569563839c4e308f09122126b4fad3ecaa99999,scam,scamsniffer
0xbb33e291699faf0fc4a07830625d9027f4375883,scam,scamsniffer
0x0daa87c0d72e9b005015148d65449178867aadcf,scam,scamsniffer
0x3ad36e84164a5bc5419008bdb9504224bbfcf864,scam,scamsniffer
0x2d32ccc4a300f988a24a1e911b126388f4d0770d,scam,scamsniffer
0x7d7c8ac4a0340dd1452a88dcf20dd94f2544cb75,scam,scamsniffer
0x4c0c0cf65e31baeb7b9cc104ada6658875cca172,scam,scamsniffer
0xe1bce5fca191aa8be34f750ef3af8442dc200e46,scam,scamsniffer
0x8a25cf46d8170d4b3edf31b78ecd12d43994caab,scam,scamsniffer
0x10c81ec99360f28eedcbf385ae9849e59387d4b1,scam,scamsniffer
0x51d07e2899c0ac6058b52c6f8f352f73d3f0e2e9,scam,scamsniffer
0x9b0f1b4d025ab320ba05fa7a11ee7ec5ba7bcc57,scam,scamsniffer
0x9c5c4ce1454a9e93842cee9ae23563f07419008c,scam,scamsniffer
0x0344a007714fe4c56142f4a1e606bb73a8f45063,scam,scamsniffer
0xa4923941cd425326c708f5b768310de2f1e45258,scam,scamsniffer
0x8aa973c7faea89bef74a7be03b94a90d9fc5b964,scam,scamsniffer
0xf6761f769344a377edac05f75d9dadb90c196c7e,scam,scamsniffer
0x088251d92971fe4dec9a949fd02a5d75cbdfa24d,scam,scamsniffer
0x1fdeb062c5f37524c6c51d2817be6448ae3ca53a,scam,scamsniffer
0xe8ff7ea39a86954fc7639814e291cb3eb0bbad52,scam,scamsniffer
0xcdc1824fb8594d74ad8986df7dd086d6c89d7d56,scam,scamsniffer
0xbee538ecb678b588c5385859d769a4297e9e8172,scam,scamsniffer
0x8f583add58c17ac95a0af811749313c32df300cd,scam,scamsniffer
0x7e56b683b7e1abb561b2581d3de6077ed683b872,scam,scamsniffer
0xf89cf740183a7505b0b47e0e1d165ade166e8835,scam,scamsniffer
0x9dc279d44af18f233de27bc833350950b5896cfd,scam,scamsniffer
0x37f69728d93ff97f1414035f6b4af7a12c1ae5a9,scam,scamsniffer
0xf92e8f57795d50149319c5f4e28aef43afdb4645,scam,scamsniffer
0x39a69185309b8b8cba4a90b94e4400bc94237dfb,scam,scamsniffer
0x02bd156eac3bc63041afa57945232ff3d04c58c1,scam,scamsniffer
0xdd40676d4f0dd78221bd70b4e927caaa81c181e4,scam,scamsniffer
0x2c4b3dc748a7cebb89d8e519074284f4a0101316,scam,scamsniffer
0x2252096d66c72985e66639c344695b17bbed4192,scam,scamsniffer
0xf137a3cb39ae6272dc283689e7f4e176699ca7c1,scam,scamsniffer
0xd7c52bc12165064668b14ee604f2be308a43165d,scam,scamsniffer
0xdd404975a5c0c84f5f4a451502deaf67521e28fe,scam,scamsniffer
0xfa7b2a0205e32598c37d23872a3ca62c7427e8d5,scam,scamsniffer
0x50fe2e73961b3385f7c776873fffb7856cc67991,scam,scamsniffer
0x76fac1a5f4200f182941c056b385aef6d4a09216,scam,scamsniffer
0x8f051d80af327a8abbf238f1413130d2ecc2b0a8,scam,scamsniffer
0x0528c4a929b158b3c6ffea59d3ca3f48628e72ba,scam,scamsniffer
0x944a5886761487f241f9317c87c8250d5cc38890,scam,scamsniffer
0x7dd6583f4a0de31b6ec1d22b5c4b69e86eafb1ee,scam,scamsniffer
0xcc0e37b5684db9d204fedf669fdeb505dfa4336e,scam,scamsniffer
0x02530d90b5555d712d76d3feef3b43fe0afac4b3,scam,scamsniffer
0x70501b2c9aa43b7b63be784f5b261ed4d609b0e4,scam,scamsniffer
0x31eeb80f47c37163d2457a1f66a1a89776e7dd47,scam,scamsniffer
0xbee52b9ef04f04778ee948bd9df2ff54be4b7009,scam,scamsniffer
0x6fe76152785b094e75aa6b98992834a3a5f4d095,scam,scamsniffer
0x6e01af3913026660fcebb93f054345eccd972251,scam,scamsniffer
0xbe54de17ab2dc21bb8e706c435faf35539a51c6c,scam,scamsniffer
0xdf414f693be58e6d2788066ec388ae0136eca9ae,scam,scamsniffer
0x852e9bef1b4f6b9c3b8da53beb7aee022618af0f,scam,scamsniffer
0x5116d3f2812ae0db6364f2c2ff3fdf82cb5edd92,scam,scamsniffer
0x144115e7175fd05fc67ce89f2634e961c9ddf7f8,scam,scamsniffer
0x6075eb07fc1e2acb47753db3abc9b4ccc4893cc8,scam,scamsniffer
0xb85492afc686d5ca405e3cd4f50b05d358c75ede,scam,scamsniffer
0x7d651fc1e355db3ecf896248cd87d18b81281aa2,scam,scamsniffer
0x65780c01487d68851b12a3e023cc474c3fa2ff2c,scam,scamsniffer
0x2d18120eaf5bf460a85f2691199c1c56fc84a8e9,scam,scamsniffer
0xfcc2b25f5fe4ecd1e5badd8caa99ea50bc5899a9,scam,scamsniffer
0x5f691a593c8579e6665da6d80176011237edfc3c,scam,scamsniffer
0xca65425694a5c21129075e48eb3f7879bb85654b,scam,scamsniffer
0xdc54ddeae33a65a232622ede8f7e30c7bd0b0f9e,scam,scamsniffer
0xb97b9868415cb60e79611eac02c131d50856f0d2,scam,scamsniffer
0x5d32dea089e4a3a56c46b33c975c14272136d04e,scam,scamsniffer
0xf873e25c7c5149f21beb8b3f951bb281da16ffd1,scam,scamsniffer
0xdc38ba8fc8572a8c71130bfb800fd3b36015babe,scam,scamsniffer
0x63069319cbb5fb3173eeccc78cc26b2b2ce7816e,scam,scamsniffer
0x6f5dbd8b9c836752bab266425cc1046e53b271e6,scam,scamsniffer
0x1818db4f1689c01a418c48c4aff9a7c510a155f5,scam,scamsniffer
0xbb4a6855ddfde2670061eb6e5bfcc608f96d6aa6,scam,scamsniffer
0x89dbbefa737599708a8da1595134af9597965aef,scam,scamsniffer
0x8239fc719f4fb9184eb3d1c50f79a9b52b23ed1b,scam,scamsniffer
0x4aa838569a9d95bb45647173362b925325fcb2e7,scam,scamsniffer
0xe04140b62b464a73dbe3a65afc93493674700af6,scam,scamsniffer
0x33b0b344e8c6e0e52b4abbac0b75cb5568cd930a,scam,scamsniffer
0x59b753f271c88c663de9994003b0014c7fc886e3,scam,scamsniffer
0x62ef62e7936565b0274390041444cb46e8213195,scam,scamsniffer
0xa357b8f4ed34dd4fbeb16c4474b4993c06d3314f,scam,scamsniffer
0x8b631a5a6b4225fc48ef8bfa22cc2dd48ecda338,scam,scamsniffer
0x745d65ed9c6e3780cb7a731eb795f93b4087af09,scam,scamsniffer
0x85f0f87aaa1f54924cda9283d575cf85ab9ae37e,scam,scamsniffer
0x75798c3c28d95c96705d77bd7b906c2237ef9659,scam,scamsniffer
0xf56e45a09c9a988eed3dac03987ffa54ec3b11a6,scam,scamsniffer
0xeafba64991b9f1646a5ac64968357b461733a30f,scam,scamsniffer
0xd8ae532f8bdb44f1e5a66d627b2c6c80d3388535,scam,scamsniffer
0x4d3b701e8c828802dcd80e555a436b3ee882bbce,scam,scamsniffer
0x8e5d2cb4dc2ca4ad7b40cdf0e9203e58bd6b293e,scam,scamsniffer
0x93941d195fcd0ae25ef4182848a2febcd43b5200,scam,scamsniffer
0xf9e56d2e507cba5d71a2dbec06a03d2700e09a12,scam,scamsniffer
0x8642a771dc58e8ceace2a763583e5a026ea1e415,scam,scamsniffer
0x08d14aae50b7da86379b7f2c611cb7c4477bd41f,scam,scamsniffer
0x99d01153a8c5d35bad737c28780da835da0a9ce0,scam,scamsniffer
0xc38510c6dc70b310bff70820f5b1384a29ba80b8,scam,scamsniffer
0xff180e9ab7aeb7939906452b8a33d471d11fc239,scam,scamsniffer
0xbe659b2fc06e6d54705acbbd1d931cf703043802,scam,scamsniffer
0x415b1e66a132a8c6e360fa2b93dcf822a49cbe82,scam,scamsniffer
0x2c4cdf15a8351dea5430b6c8a4e8330d84757732,scam,scamsniffer
0x1665bd914c07be16293d08b114d790297b53d73d,scam,scamsniffer
0x82fdc983ba7bddf8f780769fc85960f6dc66eaf4,scam,scamsniffer
0x7e6033e24620dcff23d721119f10a8fe1f889a46,scam,scamsniffer
0x58a2555478c3a1b8c6aadd9e7b872f6b426bc944,scam,scamsniffer
0xa5f244a81bb684bc3d8d47e9a480d11619578dfe,scam,scamsniffer
0x7051211aacf6fe1bdd69f0ff80546e14b280240d,scam,scamsniffer
0x1d1a10838f973ae536952c3c5c280c15b61da52e,scam,scamsniffer
0x7486e2dd55e3afbf307c906028a081a940814e47,scam,scamsniffer
0x137fcc71e3be35b45e6246e5f3cdcff2c457af78,scam,scamsniffer
0x056f00764c0896a6bf91bb032bff7a3cef1bcc29,scam,scamsniffer
0xfda3288b42e80ccbf0a0c62b077018d5d7a84725,scam,scamsniffer
0x1852ce87aac9654e86d376cef4018951984919ed,scam,scamsniffer
0x1cede208f3c070bf8e4b2480c51b2ac42a45102e,scam,scamsniffer
0x01f3269bc24f190bd4cb40150740b685f0bfaf63,scam,scamsniffer
0xdbaf8e6cedcb1b63905a603dac3e52356b8fc65f,scam,scamsniffer
0x5a95be03c537253cdfdb43582f7cdbb919dbaa05,scam,scamsniffer
0x19222cdb906c6d090a896d102b19116be914e6f1,scam,scamsniffer
0x56cc5099d0df3e8087de679e291134e6797dc0b5,scam,scamsniffer
0xa612b0a3c2ddf24f05a7b7934b20c5d1a8edd5f1,scam,scamsniffer
0x4ec97678a576b8269ace204710d7ac8043c80dcf,scam,scamsniffer
0x9f293d796e2ccd796248e9d9664004c938691785,scam,scamsniffer
0xe995269255777303ea6800ba0351c055c0c264b8,scam,scamsniffer
0xc40a8a6763969e88c8bf58a6e7a5adc61b8ebe11,scam,scamsniffer
0x84c5c58476a022e216f7bae80eaafa44a27841ec,scam,scamsniffer
0xfa510abde79c3e10b0dfe1b071726a2dede3a536,scam,scamsniffer
0x815c49567d6c82f914f653d5b798be6701bae149,scam,scamsniffer
0xc28d5d922eb85c51b114f35242216ae792f29f16,scam,scamsniffer
0xaa39e71b5b5797b7ea72eb6f67d2330919276773,scam,scamsniffer
0xff53bbd8bc335ee5f5b60dcb76efb2f59964b1a5,scam,scamsniffer
0x4229f503cac20f8a2bf6f45f7a379e1be9ba291e,scam,scamsniffer
0x651537952aded446fdee91124679d8562bdd059f,scam,scamsniffer
0x472e6b8d72cd220802809ce79c68d6c55a4b5947,scam,scamsniffer
0xffbae3fcd23e96a3caeb8a7bf560e90eecadcc59,scam,scamsniffer
0xb353e8a0db6a390fe1f131ef633976c332b4b608,scam,scamsniffer
0x794d65ba54c12cacbedb4a45cff6668bbbf91efe,scam,scamsniffer
0xc861601009d4a652a8b68fec75148d751b36bba0,scam,scamsniffer
0x17b2d6c1242bc450565da15cb99c71a40fb2e3a5,scam,scamsniffer
0xc5bbe3e327012d03947fceb90242ae1a98f45951,scam,scamsniffer
0xd5b9fdc57fb8b7d40afb94558761707a43a4e2f3,scam,scamsniffer
0x44f4b48835b0151af6bafcbb5dceafabd2236c82,scam,scamsniffer
0x94727450bebc0040ffcc3652f3aa41800e48dc0f,scam,scamsniffer
0xdd9e71c77b8384c6a70bb0872f770a13389274b5,scam,scamsniffer
0x85c705ab437350448bdd10f1bb31f26e550f1a6f,scam,scamsniffer
0x071ed056f3373d0f0190af691dd9735bd7438d4f,scam,scamsniffer
0x43c922deb0827b9f5b1bac648677077a66f108e5,scam,scamsniffer
0xe39fcaf5f31827aaeb6390b7e0ebba7cd9cc06c5,scam,scamsniffer
0xcbb9a1d126043ef84b66d94fedec31568f60cc1a,scam,scamsniffer
0x5d434f2805d4deffa7469921931da222b0c58229,scam,scamsniffer
0x2f71039339f18d2f16cccc1292ae6279568d1b68,scam,scamsniffer
0x0112faf0cc1155f6c277c724c23fcb66f8accdd1,scam,scamsniffer
0x880aa1dcf0fd4da09a6d1d440bff6356709a0c3b,scam,scamsniffer
0x85669235c21350886fe2dbda96da51cc14136c6c,scam,scamsniffer
0xf23beee7394b128f145b030a7112d8fdf44b15e5,scam,scamsniffer
0xc4802dade68748ab43f3cfe437bbd3d736406257,scam,scamsniffer
0xb56bcdd349d11160977a3c7bc0de29f085fa6596,scam,scamsniffer
0xb3c8bee03974ec2c1defb5403d985c62ceb363c4,scam,scamsniffer
0x0000000f7e71bfbcdae6d29aa49ed557afaef9d2,scam,scamsniffer
0x6b1c106c1ebc105a343d1b6c3130f18b259ab1e6,scam,scamsniffer
0x1a7433e612f1803fef00bf25443e20a2dd61e58f,scam,scamsniffer
0xf6e73e9cf471cefe8eabb6d9eaea45f182aabb33,scam,scamsniffer
0x1f31c9354e030c0384ce5d4b89b661231d607356,scam,scamsniffer
0xef6c1a9bc418fabc68494a3fd8a59b7221f760ab,scam,scamsniffer
0xadf363c6090f911f20c1b59a99928bcb5eed0e5c,scam,scamsniffer
0xd48c85b5d44bf0146bc8572201a20b924a8bda49,scam,scamsniffer
0xf92d55d70d60d3b331a781d9861b767e6bfb82ad,scam,scamsniffer
0xad445ca90e15d587b1b6182dd47334a5990026b4,scam,scamsniffer
0xcc0b488dba202cb0945df6c49a1edd69705cb2b8,scam,scamsniffer
0x2a8ab71020b7c077673cde2572114361231c9297,scam,scamsniffer
0x03e6dd5129fd58b76339aeaf9ec6f174d2b34362,scam,scamsniffer
0x892cac6a3406f5c42559009b0eb7fe842c4c550a,scam,scamsniffer
0xc092d93795ed6610ecfa9d454d534af3e029375b,scam,scamsniffer
0xd204da2439fb41e69fc44fd579e19d681b41e403,scam,scamsniffer
0x7c63d64571d64d17bc7f0d496742b538122bf1b7,scam,scamsniffer
0x8da07bfbcb9afdf8c238648fe749a8660fe8a62b,scam,scamsniffer
0xb1573a40970c0023d4c57f5ab188c29566009512,scam,scamsniffer
0xbafe6bf76af430c5296b73dc699e655fc13e35a7,scam,scamsniffer
0xdfcd11d7c64b32714b53111515601cdd8ad6fc20,scam,scamsniffer
0x81fa8793a7e8b337e4701645521ba64177512fd4,scam,scamsniffer
0x7784604037f1245e8a720059cfb8ecc809a215f9,scam,scamsniffer
0x54c3bdccf63c29f725dd2d9804c5655c863587ab,scam,scamsniffer
0xfb4d3eb37bde8fa4b52c60aabe55b3cd9908ec73,scam,scamsniffer
0x5bae48cdc78944693e010c5ad95862d1879395c5,scam,scamsniffer
0x321ebf6f94acf105da4a30e794fe9991b25bffb4,scam,scamsniffer
0x6d5a8ca1eb1ad2e4873b8da3a3c2452635b3da8a,scam,scamsniffer
0x5dc97e06e0933d6b4c30ef43157193b6a363a483,scam,scamsniffer
0xc863fd3cfb0edbd64e85b3470d92aabe62fa5f56,scam,scamsniffer
0x82f8b9d44ce0c0503e3ccda4d894839d5467620b,scam,scamsniffer
0x64ec1cf0f4f315e95a1da0f113240db4a6ea2bad,scam,scamsniffer
0x73c6222d44e3b4a3664cf82a2dd0ad68005e4c1a,scam,scamsniffer
0xcca3791ad3d340ac1e507c83bdd445039427657b,scam,scamsniffer
0xaa2b06696c81ff5c7eb8ee93a31ecf4f714f7672,scam,scamsniffer
0x86dc335bf9b10cf5b463ca3b169ec81edda180d0,scam,scamsniffer
0x21b764bd4bb1e1e1c8cd6f6037a13f10512939e8,scam,scamsniffer
0x6bead068a21acec03c0f5e81a0a4a9636420bcfc,scam,scamsniffer
0x268dbf85f73732460eb47cfeb067d9e49be49aca,scam,scamsniffer
0x2144f0ce790d20d31859772b2ee248a066c8525d,scam,scamsniffer
0xae61d8409cd0c859c8f6fd69288cd70be794db2d,scam,scamsniffer
0xda666a4a812bce743b08a88e9162bc7ae94eb9c6,scam,scamsniffer
0x486be92b01ed63a733a22d29b3b78311ac5fdfe6,scam,scamsniffer
0xcc5fca73c5f5e8cb1e3a5e3420652ec369cf6c56,scam,scamsniffer
0xbf29b773efee4706468b383b50247330ee78c242,scam,scamsniffer
0xd95588bd76f00ee5ab9c0b304f4f9bacf46c807a,scam,scamsniffer
0xded703c6d32fa9899438663327399bd45353a094,scam,scamsniffer
0x3895c7e8c65c4ad1102e16689a9f83b56bc67c14,scam,scamsniffer
0x301b926a6853112f2aaebda1e14de3bbe757b277,scam,scamsniffer
0x577ef07758a145bcd51172f3437eda21084b3735,scam,scamsniffer
0x65bb455e9a94622e0856ac55cb8597d108c6fa71,scam,scamsniffer
0x601d55d810e80b6be82dea7c48f596257e594b56,scam,scamsniffer
0x7e05ac782bc4af8f9e76090ecd6012fbf0f6d326,scam,scamsniffer
0x17188397fac2a8488fff0fe93288a6bb3e7e8970,scam,scamsniffer
0xee683fa3ef35970eb3c32f6e58154cfd690af436,scam,scamsniffer
0x2c2595c95c54ca39ee54842f9765d7d4514b6a89,scam,scamsniffer
0x10cd051bd70ce950fa7158db1607d90208e50ad9,scam,scamsniffer
0x94535803712be3ab6f9c82a86538b2ac15d08364,scam,scamsniffer
0x880693f6fa17395914a9c6f280f6af6eec6ea195,scam,scamsniffer
0xdeaf1e151430c146a5044cc2fe12749bd772bbaf,scam,scamsniffer
0xb5d0fbd7018ae8be704bb35313af690c8e1faf29,scam,scamsniffer
0x4ba38dcd6f4d0048a46df9ad971d244409cb166c,scam,scamsniffer
0x791deae863ac3d18c35948a83b514c5673729516,scam,scamsniffer
0x5c893fba70df50d70ec98c8df85dc6078247afb2,scam,scamsniffer
0xfa77ac5d034171eb43dead543b9db5f3e4ee6aeb,scam,scamsniffer
0xb883110e731021cf9c138a031c77e181b7373ffe,scam,scamsniffer
0xb1b30f3dc470ff6859ad69de05b879779058cab5,scam,scamsniffer
0xe65ef4be0d676eb6a126a1438034fd0a55956de2,scam,scamsniffer
0xfbb3649e6a821cbef531eb8c26af869a8e6d12f6,scam,scamsniffer
0x88111f1fc0ec5b02c614eb4bcdd8271e044270d6,scam,scamsniffer
0x1224be5ab3be2489834e75cdc50267a8b150ab80,scam,scamsniffer
0x6cd66f2843dd1b59b81b18faad7d3aeefa20e199,scam,scamsniffer
0xa941f931c4fa83babe5ac934dd27d229c9876668,scam,scamsniffer
0x04e4b9fa48e1bb06070a8d4b0fffafb124d06673,scam,scamsniffer
0xfd3dcccb3f66a396b82505877588023e0879612a,scam,scamsniffer
0x8b6c0ced90de46cadc0c22cde4d795003bfec3b0,scam,scamsniffer
0xec73a20b2670edba471615fe9c4b0cb2590dc644,scam,scamsniffer
0x679dbce52f42f277b59859c5a3b4953a6fff3e46,scam,scamsniffer
0xe7613bbb3bb70912635be122773f5ba4695efa69,scam,scamsniffer
0x6806f8a116b5ed1c3b46b473a2787affa1fe1abb,scam,scamsniffer
0xabe329a9f4fe0e36dca315da06b4bd62c5c59fb5,scam,scamsniffer
0xca0498f384e73c8a3fce9183ed5b8b123bd18c3c,scam,scamsniffer
0x69a68f913b8c835969bb6814d84908fd39858c05,scam,scamsniffer
0xf3f412835f04d02b06eb5d8b6d8ec46278e90f94,scam,scamsniffer
0xa2247caf5a46bd2fda546d7bea4f83d7aeec0ade,scam,scamsniffer
0x6fd46b8f504334699c869ea02ddceff0e7bece3d,scam,scamsniffer
0x272c5fb458d612a1e5160a0420a6098f072b13cd,scam,scamsniffer
0x9739c1d0fae7130e9491b3b431fddc0d66de6a84,scam,scamsniffer
0x5fa592f45abaca4105f469884a9d46cdebd82f9a,scam,scamsniffer
0x8941825b3591adb9074a5c933478b1cd059379c9,scam,scamsniffer
0x35a3919df24ba07b6e2311926497a2303a182202,scam,scamsniffer
0x5feb5fcea4b75fc7169a5bfdfc716c67e8e471b4,scam,scamsniffer
0x26266a30b61772b5f34550118a2e4decfea1e092,scam,scamsniffer
0x2245c6b806fea2eb59ce0ee2987e352b0b271fab,scam,scamsniffer
0x9a7cd983332139ea27bba81b4a5a5a93fdfed172,scam,scamsniffer
0x76b041bff08ca3091838e348ac8426da75ecedc5,scam,scamsniffer
0x97b08c191a98be172314234938300afa9a035399,scam,scamsniffer
0xae83a8469ecfbfdf6f98fad48d82d62dc4d76e5b,scam,scamsniffer
0x69227919ef39aa8c1aa5a56ba738b52986dafabf,scam,scamsniffer
0x463224c0af60e2e47f9c6320f337ba94e809ddb3,scam,scamsniffer
0x31527235b2cda40955a2fcd36bb2e54a85c1499a,scam,scamsniffer
0xbdab7c50aa43220d15a11006375c728731d449b1,scam,scamsniffer
0x966d8a5c6a259bdc4b46350f7ee7e569af8a27f0,scam,scamsniffer
0xe73ea34ac4d72400f61c98d842984ce8adefca5e,scam,scamsniffer
0x3da9233e09ef99593cda1af5d76254fb50d9822a,scam,scamsniffer
0x3a8cee422dfb7f53309e1f477a75d22a172c4231,scam,scamsniffer
0xe7ebb56edf0cc4108060309e4cdd906448b7701d,scam,scamsniffer
0xa5f59f747e88597ebcbe81ee3695a12ab1f93b83,scam,scamsniffer
0xcda312245c903a0726ba5a821b325257a30c95e5,scam,scamsniffer
0x97c9bfdec4fdd49825e529b11a2f9440230d5626,scam,scamsniffer
0x361028b0bbbef1170480b2a08c3e74381d1ad8de,scam,scamsniffer
0x39e5efbf80a074cd0656599753b04ee616b15d7b,scam,scamsniffer
0xf60df89b68924bf6e4188aa6e279224738a2cc2e,scam,scamsniffer
0x8c88d1b9fe57a3940bcfd7dbcd145f8597918501,scam,scamsniffer
0x60e9a36b0c3d256d830a35bea3afa108a600cb48,scam,scamsniffer
0x7a06f737bdf9a22e24d87542b0428ae917a54c66,scam,scamsniffer
0xe9441766a8f01423f891d8b0395f2071f4d67504,scam,scamsniffer
0x03d3b9978007fe0512a28311747f36ada73f4962,scam,scamsniffer
0x5575415f7158d33d443564a69b802faa7d485035,scam,scamsniffer
0x12fb3c33af3f7b65e0c3de4a595794fc3f7852c2,scam,scamsniffer
0x8e133cbac54740f9c908d53bbc01b510fe180c7e,scam,scamsniffer
0xc95d488dc46af6bb7aafb7a283c627667526a193,scam,scamsniffer
0xd133dccf9ba55b84b660eb5330f64d4ab6dafe75,scam,scamsniffer
0x88b54da6c7b14f699e998206a2fb95721be2d3e2,scam,scamsniffer
0x13611fcf98a345f460732147863496767fa70ef5,scam,scamsniffer
0x7f3b3312b19756bd2a990263b9c91ffcbae2ffc9,scam,scamsniffer
0x323ac86588563e8176889cd47a3448e10df8a4c8,scam,scamsniffer
0x033b160e7302628b937bd286eff46cdaba307825,scam,scamsniffer
0x74fc83cf3b4b13bb4900e04c6ce1ff33867e8182,scam,scamsniffer
0xe43dbcfe0117d6f039ba23427e68e10cf0bfa116,scam,scamsniffer
0xa1b8ccad8fbbd508f31974fec72fad675d21f3ce,scam,scamsniffer
0x9cd8f81af696f729916746524421d3a2c138b332,scam,scamsniffer
0xdbddbc2b2be722237174aa163ca422069aa2862e,scam,scamsniffer
0x5a83a53e27d4d039950aae2142824dabbc192475,scam,scamsniffer
0x197c65e6b0333ac834328c50d9f24685a9b22765,scam,scamsniffer
0xb704a8c74cf724a6271d7fbaf709e4de0eae6d86,scam,scamsniffer
0xb55cd65e656a664e1a27ff8f7bf1daebdeca284a,scam,scamsniffer
0xa0b46840734a3d09857bf8e23ee36b4c39119008,scam,scamsniffer
0xe417cdb37fd88840212397e5f5c586a94fcce4e8,scam,scamsniffer
0x82f262af67904eac7f42b72a1cad7b833ccc7799,scam,scamsniffer
0x3ed51228140dc85661c4a4b305b9855474557c4c,scam,scamsniffer
0x9f42cd9104209ef97b75d37f529366edae9c6b50,scam,scamsniffer
0xe359df16debd9dffbd4eab0ecba048aab917c6fa,scam,scamsniffer
0x93bbf194175c0bddb2812f60b4eb70ef2bb17bef,scam,scamsniffer
0x5a4d8b9f035592621b9405852b2838326df24b4d,scam,scamsniffer
0xdd29cb3e95d6c4635eaa1144dece4ac3a8413d0d,scam,scamsniffer
0x8204526834c36011674ac13b0250eb5564e83a5a,scam,scamsniffer
0xd10dd2ba1929c0e59456e89ecd436187696188e7,scam,scamsniffer
0xcd6bd4fcf5b4707263cf5aaa70ab7bee46f82adc,scam,scamsniffer
0x1ba383587e6b6e8925bc2fff5d6165ab8a2eeaaf,scam,scamsniffer
0x1d98505fcbae25a7e98265e5b015eef411c59568,scam,scamsniffer
0xb0b5cd643f2a0c4d8f1a35a55f541fed7dbb3976,scam,scamsniffer
0xfc756f278bda9e1dbe33d3c693d76e054c0cb5c8,scam,scamsniffer
0xc1f908863feca9f0b352d31606173d13fa113134,scam,scamsniffer
0x3789c8e51107f259fce329ad5be309bf7a60c31b,scam,scamsniffer
0xaf6ac70fc92952edcfbf253a48c77f731eacdc30,scam,scamsniffer
0x3adef38159b332c279bc8cf4957a93b64e369115,scam,scamsniffer
0x7fa2eebbcc84dd4eec99a78021d334aade1aa643,scam,scamsniffer
0x4ad22b7bac2e152fa05e05166a57f98a96820d9b,scam,scamsniffer
0x7f1fcc6f677433df815306e3684876b5be6b99e8,scam,scamsniffer
0xb40a8ba4c35c74c9ce503d4a9e492c7ed2c282b7,scam,scamsniffer
0x1fc41eb91573a055f660a55f48f8d1d8ce792e54,scam,scamsniffer
0x8d2f666b67fef1c0752cac9c7a5de37672af8bde,scam,scamsniffer
0x63ae15f74612d63ed5bae303fb1bab66f1b816ac,scam,scamsniffer
0x5269d53f29a33f787736dbb544d0a4ed50d51bb4,scam,scamsniffer
0xaa01c987952db328de3aee15a06f38c7981ae8fb,scam,scamsniffer
0x98706ea942f330f4725cd5ee79f9b050ce44b4df,scam,scamsniffer
0x3eb30fb34f1d5417298159418790ead96fd48bd1,scam,scamsniffer
0xbff22c7ed74b6c58bfb0ad11e1ecf08f30a6d64a,scam,scamsniffer
0x119001d47731f5bd8683ed6b9103034302f884e2,scam,scamsniffer
0x515a453be1245798c5ec4434b1c69c1b70dc95b5,scam,scamsniffer
0x859950787357fcff0ce3344cf739651fba50ec7a,scam,scamsniffer
0xdc6a26a14202bda7fce9036d53ca410d3405d02d,scam,scamsniffer
0x13c895ee2d42560691fc2a524e0e465b4f7a151a,scam,scamsniffer
0xdd127d479fbf30313cea5ac68bc37a06fa53d72b,scam,scamsniffer
0x26a71c85d41c0eddb65c10de4f290b405b47dc2b,scam,scamsniffer
0xeb5033f62c8f94dc69a208513ed1c13dd7643e89,scam,scamsniffer
0xe8f825b6003ef5738f41c2fecb0043112959b64a,scam,scamsniffer
0xc3ba17fa6cf6ecde38cc7b4e68adc08a1ca35dbd,scam,scamsniffer
0x3d053f8c62666b6553c61d0236c9010f6a9edb9f,scam,scamsniffer
0xbe36c54ad3e9131e6928863988cda9a430922f2c,scam,scamsniffer
0xf43e1ec7fbd4bb41236a221b344bab843e3d94ae,scam,scamsniffer
0xa55f1203739635b4bf59ad05ff7c648e4df354c6,scam,scamsniffer
0x2ba48341ec5d41e4c40d930c7e3b057bea6146b9,scam,scamsniffer
0xa48e4959ffd0dd810c2a832ed49d505c1191604a,scam,scamsniffer
0x9b2ee2554e7d1a4b5ae44bf4ceec159c65661f3a,scam,scamsniffer
0xf2a56d4a85d9bcfab7a7bc19d7de0217cda8a1b9,scam,scamsniffer
0x8009194614a7b3bca888fc8f994d8545050b9d5e,scam,scamsniffer
0xc0460fa146be925cfd29f88770501ff560efa059,scam,scamsniffer
0x69b78f6f3cf8e8c59b3c385e416a9dd25311166d,scam,scamsniffer
0xc6436c6bdd657a79bbab8b2eecd5ba1ce69de266,scam,scamsniffer
0x7c74dc20f2d9511c0157f2931bdd51c7fdfce7da,scam,scamsniffer
0xf3b87938cc132833670dc3463fac19656f3c7425,scam,scamsniffer
0x4d6a07ad7e7870e5d0fe4bb3d0a6a4c7d5e15f56,scam,scamsniffer
0x289a94694bbd7d1441cbc51ab9be0ae5997e0c75,scam,scamsniffer
0x7af89ba4944fd7977ef41791a575c5eb50cb5d74,scam,scamsniffer
0x3f31af53e7dbfc329107b8dbbb4a359d1182753a,scam,scamsniffer
0x140d2a1453e3a8320d3895e45dad01c21dd9e821,scam,scamsniffer
0x68f54b92c9b985e17bb33328e11a0193f7a6451b,scam,scamsniffer
0xbc32ff717084eca7baca1504e72edab58d333097,scam,scamsniffer
0x64726c9f0148331e5433122fa85943b8ecdbcd92,scam,scamsniffer
0xe8cdaf69adedcaa61616de3394bcce5c691465e8,scam,scamsniffer
0x8a1b0379e31bc4642f3d63e0c56f39753d4caafb,scam,scamsniffer
0x7a9616932314cf8651dbb0c90a51a8cbf7df8cc4,scam,scamsniffer
0x714f9e905f131a95603530d61d9eeadf884b119a,scam,scamsniffer
0x1db6b549a22446d78069f63da223c305d4fed689,scam,scamsniffer
0xaca447eba1d8c9175b276ac7781e09819ed214e9,scam,scamsniffer
0x7ac175546b10cc982216be9c51345a64fe777ca8,scam,scamsniffer
0xeab5fd5c3c781514c1264730fcfd8420e6df6e8e,scam,scamsniffer
0x787450d78225fb16300cb9a10a1af648c2abd115,scam,scamsniffer
0xe4b7cee4af5016714dd6294e0ad6bbaf42e52787,scam,scamsniffer
0xc60ea95a6fa618b52dae3d5c30ddcc1d195ab553,scam,scamsniffer
0x0b5d1e0b3b8821863c1e8a61d98e54cd074395f6,scam,scamsniffer
0x685e7db34eae3320fe1673b1507c12b6a6a19324,scam,scamsniffer
0xe5dde74ad977acdacbf7107540b071ded5886284,scam,scamsniffer
0x8cf3d53774d93ebefc582cff434bf1c58a5b1908,scam,scamsniffer
0x7c5c5bc1f28a74525b64046203331a1464476c97,scam,scamsniffer
0x3679d9d96a8ee227324bdfe7222618cfe2227418,scam,scamsniffer
0x0b8c46d1e9649848acd918095cd76ced85341cfc,scam,scamsniffer
0x1a3e47bb63a57cc19d3c312eb3e675eefe8ab52c,scam,scamsniffer
0x6446058612b572e59fe0ab895ea94d083ca90473,scam,scamsniffer
0x4c117d7895c5d2268163009f70dd44c24ab7f504,scam,scamsniffer
0xa0d7dd61aed55bac4fb2b2374cc7b5d421f3adb3,scam,scamsniffer
0x78a107295e84524d42889bd66359ede357ae4e62,scam,scamsniffer
0x51d2bf67faaf714c248e5624e02ac74d75378f47,scam,scamsniffer
0xbac0ffc1e838555504215c83f497627c921886a8,scam,scamsniffer
0x06c0545a498da6c7887d131151248b6d891095a1,scam,scamsniffer
0x14a64f89ca7b327deb2b2e318f2952c41a259940,scam,scamsniffer
0x43412801d29861ecc4c4d86e5becfd16af86a67b,scam,scamsniffer
0xb6a65a87a6d58fc35020d51c1b7ec812b3290653,scam,scamsniffer
0x1abf0a2edc83a25f51412d685fe15bb51597732a,scam,scamsniffer
0x9d00808c604fef60daa3ac2d1c61815c57eda7c8,scam,scamsniffer
0xa542e87a4d905b9a7a9300ed4a627f4cf5684f41,scam,scamsniffer
0xa1ff39556d4e49f2eeac1c2e01f4f557d712ce28,scam,scamsniffer
0x44354ba8e41d613dd62d58de5b90b26f07b3ff0f,scam,scamsniffer
0x1d664cc0d9abc1554d747cd3c8a19b0eab59bf1b,scam,scamsniffer
0x69c0e632f868f1b0300af6f59d688c1cff52ab82,scam,scamsniffer
0xaf642cb0cf417174815d833e6fae2adbb6e9c3c9,scam,scamsniffer
0x1b199b8acde4f05a49703a9e598a8d47629c0dc5,scam,scamsniffer
0x2914724c98050eec49a06e072bf305911fbfbf9f,scam,scamsniffer
0x4130dd9823a251dabf9c283942b1379b0030e626,scam,scamsniffer
0x462c354676285527cdc40be952e3af9311d60d48,scam,scamsniffer
0x9d0e4c417706bd06434ee512546db8f21603dcb6,scam,scamsniffer
0x5b372d489f01c9f54946993d7049cd182af98866,scam,scamsniffer
0xd912e41aecacbed3514356053dc737bf18f552ca,scam,scamsniffer
0xf89964518fd091aae7dace0132f8ba81e726723b,scam,scamsniffer
0xb23f71ff33c08f3a718f1a95c47509f24f854939,scam,scamsniffer
0x32579485f88c817f7eb89999f9ffe4e4a4592af1,scam,scamsniffer
0x597c49bcd536eac13a03d9adeba89de0496e043c,scam,scamsniffer
0x36737241ac15590ec43e59c13607abac9fdda5ea,scam,scamsniffer
0x51eddcb498b55c8b52792f0de74810fa329a8adb,scam,scamsniffer
0xe4244f235d88b690648cdaa2c45e94addffe12cb,scam,scamsniffer
0xe4e08f22cbb485b82a5af328c24a34cc438ee02d,scam,scamsniffer
0x416635216fffe323fa95b5ba901287cbafdc23ab,scam,scamsniffer
0x62c65e81270bb576ee8a0178447d039e1be8a886,scam,scamsniffer
0x1047a7528252586edaad066f3ca2b21f66677125,scam,scamsniffer
0xbbaf05fdad7b6cb71b0f1ccf3031af0ea4eab521,scam,scamsniffer
0x3d90d8ef295a486605172aea882685bbb371376f,scam,scamsniffer
0xaa2b62f86e67815f2d7243e63b46afa0cda37842,scam,scamsniffer
0x9e3a6c3c9337841a5201289e03c0ec0862dcec6b,scam,scamsniffer
0x290a62556e90c96be45bd5f070318b83b14d5c86,scam,scamsniffer
0x5380f7544af0418f6bca40897536748cbd5ad2a9,scam,scamsniffer
0x879cd104ede6f9e4148ef5a980773a15567b953c,scam,scamsniffer
0xd1df2a97c6ceef845d8a751a793a27d6c040deef,scam,scamsniffer
0x4006b3c6a0d108885aa9e8441c9f33ba2fd4a76c,scam,scamsniffer
0x9100f2d14b8431f989724dded7a31ef7e9b63426,scam,scamsniffer
0xdc1bd763ad168be481b88c1d009816c7dfbe332e,scam,scamsniffer
0x6714674bc01aaf42308ccb94a4612b5b0a7b9671,scam,scamsniffer
0x962f440db4d0ff33dd440042e8458eb22f099595,scam,scamsniffer
0x635241d839ecbdc5eb47874138053288e92f4dbc,scam,scamsniffer
0x7aa155182927aec5fcb905a142cee91b1365377e,scam,scamsniffer
0x76ff6574a8d1d39be07d154514a9e2f8230f0b8e,scam,scamsniffer
0x4920a2307e8e8f36b8cfaa006952573dccf29803,scam,scamsniffer
0xb0116ad788a61f05c60398062f05265fc484b8e5,scam,scamsniffer
0x063a2953fb36cc8ebeac80259dd8a1c972ad778a,scam,scamsniffer
0x021ef692f39a75cee36cb3cf821d83216c638fa3,scam,scamsniffer
0x77e8175057d746863dad4b3acc2ae15db538d8e3,scam,scamsniffer
0xe47810989eaf20eeb62f9f08e33c3e162d2f320d,scam,scamsniffer
0x14c11c0b8b397a58a88ac8565bed3b212f6ca5d2,scam,scamsniffer
0x38d6301a3aff6d618acb74e4b9a90f4b3ac8b1c8,scam,scamsniffer
0x8987ed1907f3048e799d4a474d77261cbc5f9795,scam,scamsniffer
0x50a118f91031cb26bf29deb601473f034f0b9cb9,scam,scamsniffer
0x719d6a9282e5976e1f828631c8e940e612739bfc,scam,scamsniffer
0x70c6d61a0814b54b65dd3190c3ea0d7d351cfb2e,scam,scamsniffer
0x5fa585fd8428ca46beaf7d2694946aa9eb22ebf8,scam,scamsniffer
0x215571865c74710525a334ae1c3ceddbd3ba2699,scam,scamsniffer
0x03499474a491ef05127d8087a227089361ba7303,scam,scamsniffer
0x443ef2978280acc7e5035165bda45fa0613c43a0,scam,scamsniffer
0x61a3266c1e5570884c3cb042209d04af4d157aee,scam,scamsniffer
0xb2c357848da0de4b6aeabdf54e63f292a6310ac9,scam,scamsniffer
0xc74cdbbdfcfe02711dde8e7faca0f74186932414,scam,scamsniffer
0x24dfe3492c742ecf2406f779c456a55f90902e88,scam,scamsniffer
0xa4084634151ee82f819fb8c97b1bd23aa05146af,scam,scamsniffer
0x00f4d7044c10331e007731c689190fc6dbcb7a9a,scam,scamsniffer
0x5e2904aa79f8df9d427e7026fc5b185fb3b62ebc,scam,scamsniffer
0x34c4cb81022c7e4fd25ffe48746dd6d94016b242,scam,scamsniffer
0xc7c28a5a281d7f54acd4cc65d3d3881274ab834c,scam,scamsniffer
0x4bf8325e8acb26db5f0d7b618ce111d0444c67ab,scam,scamsniffer
0xfbd0b8a9aa2f8c41b820e725d871bd6f20a6a7bc,scam,scamsniffer
0xfce7b8e75b156bea8f322c34880fab48c5fdcb80,scam,scamsniffer
0x1d415322eaef5cafae79c8b3cfe984bb9669a840,scam,scamsniffer
0x3e01d25c381758f1ea9cca3344b5f12c0b4e6177,scam,scamsniffer
0x0716abdc9618dfe762e7ea7ff2cd0131cd3426d5,scam,scamsniffer
0xa6d4fa3563ff4f2e1fd148a027eef3c11fafd30e,scam,scamsniffer
0x59cd817b39a7893a4103212fc434a6b8c172875f,scam,scamsniffer
0xfa7bb710a944e7e46da4e56e27c21880bc064692,scam,scamsniffer
0x49d0ff32efb806ec9c668df0cf6d68592245788b,scam,scamsniffer
0x5bcf729e1815879878dbbcb5af17978a36ddbf10,scam,scamsniffer
0x75e0158fe7b15b8ff3e7ffb40ef2f9b077ff0f70,scam,scamsniffer
0x4d08d5dedc4122230f5f906f3f83027aaed23085,scam,scamsniffer
0xa8d6cb224311ab39c8f299720ddb465d2e481bab,scam,scamsniffer
0x9dd9989f5baf3f3ade1315b1c6695e122047af4d,scam,scamsniffer
0x5ad5754109718cc3837c3e872c907b7a6c7d25b4,scam,scamsniffer
0x8a4878acb0e3de78a57477dbb86d84925e3de0db,scam,scamsniffer
0x7d8904598e5ec80ffb241349767a1840bd35d51d,scam,scamsniffer
0x812ff33549634dede87ed5011fa976abf5c2a162,scam,scamsniffer
0x5286f9a2d7db7e0bfea591ae6ea9d2e064c08038,scam,scamsniffer
0xf12780fe502839a673c79ac98166abab0bbc1f30,scam,scamsniffer
0x0c05314f96750e8d725d6de508e196bf57ac9863,scam,scamsniffer
0xe933fa07f0a8b04ad93742a69b9bcd51d77420eb,scam,scamsniffer
0xf94e5e47ea7198caaf8b0cda3523ad8742efb95d,scam,scamsniffer
0x9c3413cb905700cb2f0d05e6d19d0934151e0093,scam,scamsniffer
0x60263b8236349474f0a43ff8188b0f1748a0ad8c,scam,scamsniffer
0xb9f0d255563dfa8b7e918448daf4d6a0c0170ec6,scam,scamsniffer
0x26bc6456424b324d9ad14e95c5c43c2d32f02cb4,scam,scamsniffer
0xe4bb57cf97c6248efdaeb495a6123d8adf6f9bf2,scam,scamsniffer
0xd13b093eafa3878de27183388fea7d0d2b0abf9e,scam,scamsniffer
0x9a72d79e48e9a03fa9f6f10a1b1997bf919a93b6,scam,scamsniffer
0xcf0f69b09c3ab85b2e0b498dbd8dffd220b3a29d,scam,scamsniffer
0x677194b74f7b080b211515a1b97229dea910604f,scam,scamsniffer
0x8804d09aeec11eb69808bf9cbdfaf9ed88b4bf4e,scam,scamsniffer
0xa3e20a10cc221ce0172ba80bfea3e7eab0dd6d2a,scam,scamsniffer
0x5d88866271e0e4e55ca44ca16f7b1098cb449933,scam,scamsniffer
0x865acd696c73d2a26ef4ff1a974c1fad6df3fb8d,scam,scamsniffer
0x44d2ff17f5b24b9630129ceaa931f383cae3677a,scam,scamsniffer
0x41d3be8c67d59b7659d1727e98f7fb7a870fcc34,scam,scamsniffer
0x265f041f10061f063860a186343373838dcae977,scam,scamsniffer
0x003f13d95ccbd7b8778ca66be31adf71add79ee6,scam,scamsniffer
0xf58e52ed188823fd42e3d6d92e271063dade71c4,scam,scamsniffer
0xf2922c3780f63aa074115423002d9c5e069ef6d6,scam,scamsniffer
0x369fd83cbfa4a57fe43e451b103964bd46559341,scam,scamsniffer
0x8f1a7d3efe816c0108b12a113e2eed9ddc823079,scam,scamsniffer
0x310fdb1ea3201ba5717bf8a4d8446c5def5aca57,scam,scamsniffer
0xed25a3fe82ef1364dcccf9476a2a0c48bfb1a94c,scam,scamsniffer
0x9307d0730bbe0e2df8f747e3f693772ad83debcb,scam,scamsniffer
0x751497a863f606eafcd63418b920ad98f5d7f972,scam,scamsniffer
0x4aaf615170365e01f7ec5e88897ffbd40c7c86ea,scam,scamsniffer
0x889e1625795bf4dbebaa1cb9b7225da0ceb61942,scam,scamsniffer
0x4382b9673097c4a58c0554e3021a79430e778101,scam,scamsniffer
0x370f16860606cc28ac8aae4b596cfd91ef57d3b7,scam,scamsniffer
0xcafdbdcfc075d0b68f2b319ae01aabe40c63a7ff,scam,scamsniffer
0x93f715bc3a464bdb408554bb691db3b3ebcdfbbe,scam,scamsniffer
0xfc6e23af690bfa315db290973b8d95b389d81276,scam,scamsniffer
0x98e8b85e27a19cc4a7fcf99187d0d556be7bde48,scam,scamsniffer
0xa5fa5d90ce4e1c41ea0da1d116ba6d3b270a12bf,scam,scamsniffer
0x745623b4593203955888d3f6ffc7c650e4731bc7,scam,scamsniffer
0x96e651c598a08243a1a328afaba8ce6593fa4ef4,scam,scamsniffer
0x5ca8cecd41c761f7d84c0324a4a017fe2cfb1129,scam,scamsniffer
0xa169c1b120625d86dfecdfa1d50fdccfbb4e5b47,scam,scamsniffer
0xea2663450920267c7acb7dfb17be14585adf88e3,scam,scamsniffer
0x5de7bf8c058d39a532b62463a127c3ff77d3b9ed,scam,scamsniffer
0x18ea8a9ac49454d1c99c6c348ab3f453bf130b77,scam,scamsniffer
0x3e79c5266d01791481d4c7041f1b0acf3b448076,scam,scamsniffer
0xf8aab6bbb6f8176e0c9cc8ea0ffcf3d0ac6f67d7,scam,scamsniffer
0x0aa7f992dfb485cf9c4fbe9688f1ecdf9e0a15f9,scam,scamsniffer
0x79aa596d0ab3f620969de204793c2053369a0eb8,scam,scamsniffer
0x10932bdf523ccfad13613e7bc96c0edae71b1373,scam,scamsniffer
0x1dab7c71d7414a62807bcc14586d3b82f505c767,scam,scamsniffer
0xb6280e57f48d7083089d4b87989caa22e1c1b9b9,scam,scamsniffer
0xb37844ae1456a5d26d81fcc8385afa691100e633,scam,scamsniffer
0x19a72ea327b37e3650e1092abd724c723172962c,scam,scamsniffer
0xfb04f5bb49a7f2ccf757fd5ec316a7fabc27aac0,scam,scamsniffer
0x35f4e7f393c9ba4cd8ce252977092e64a3aedaca,scam,scamsniffer
0xaa1405b7a1048cfe738c8ee710851c434c8eaafc,scam,scamsniffer
0x40881dd5b6482854fc01d010ed99fd346f0608b1,scam,scamsniffer
0xdba78d6f236401e5c353206229752c81dbe7f4fd,scam,scamsniffer
0x01b5e1e3156f2a1221a16583fae561cb10eb88d4,scam,scamsniffer
0xfb4c68caccfa3ea46a7d9a7b59a3f91b40705194,scam,scamsniffer
0xb2f571083f3ec5756b9e6b8f473863ff29f9e194,scam,scamsniffer
0x2380fd8b951b6d53c014bb12e8108fee36c18fdf,scam,scamsniffer
0xdd27021aba7df15108dee094e287bc2973c6d371,scam,scamsniffer
0xff11914ab4c26d3707dfdd3fd54a77241de04391,scam,scamsniffer
0xfe635d7af0e778c5ab0219626a3729bdf623d173,scam,scamsniffer
0x21f139636186b99a0d457570b6b7f24e1c38c105,scam,scamsniffer
0xd7904f1fd33396f6ed3e8aa64406ca365966181b,scam,scamsniffer
0xff178b609ee25267abdf8641a2cc18cf86f88dfe,scam,scamsniffer
0xc106d2dc58a06b74f9d46c3e5c044b398027b063,scam,scamsniffer
0x5c1aab6850e73c5b79bf104f6a98b8c8597e6b86,scam,scamsniffer
0x2931ba7494123213a1eab3bc9298ea07730ab41b,scam,scamsniffer
0xb45e378073c553c58f8797cb54d1e30c60065f61,scam,scamsniffer
0x37a51fd428bc37d5a3be6c43b32446c602c1983b,scam,scamsniffer
0xaa22da7573cc20c190dda9aed3a53506b10b2611,scam,scamsniffer
0xd4d5a4fb4c46a6a8b9a7b0ca17be96e1f054bd2c,scam,scamsniffer
0xd7dadbc826664af79319c0b989f02f405ddb0339,scam,scamsniffer
0xf4f693b1c92e68711c9b48a5e4be605e073f2a38,scam,scamsniffer
0x1651d9c330f3f59de02cf397f47bc5a5619e9add,scam,scamsniffer
0x38675922f69a15f64933522087d133a2d0bfa245,scam,scamsniffer
0x257dc415b7e177513d3d994f928f1bb9e7b55327,scam,scamsniffer
0x06d05f1faafaea906bc25f8f2afa0feae00d0ba5,scam,scamsniffer
0x714d7ae5aed0699a569b0e3f061c674d21ea8d5a,scam,scamsniffer
0x24c7143109dae8d10e686ed98100881c413fe3f8,scam,scamsniffer
0x5bab1eb26363c7c688f7d303a409c53d3fb5a47c,scam,scamsniffer
0xd97f212c69c03f7dce5e56c380f1694e3101ea77,scam,scamsniffer
0x9d3829eaac81a70f62ee3c0b5cc3b3f72f5bd1b3,scam,scamsniffer
0x156c7a66d7089c3dbc0ea594f9d65ba7e9fce623,scam,scamsniffer
0xe6705ad0aad45a5f8cc752c5b01565e926f2836c,scam,scamsniffer
0xbc454b3f5f9c12891d86c6beccbab5546d5ed38d,scam,scamsniffer
0x1c3c3167cd0c990be8ff44dff798e3ab0d0155fd,scam,scamsniffer
0xb87a93d86831fa40638203ff50c2ddec9c15d99e,scam,scamsniffer
0x8275aea6abe8a950aa5b0d3754db4ad4625e2e66,scam,scamsniffer
0xe356ae15a39e33a6ae9c4bff5e70bbf320802bdc,scam,scamsniffer
0xadf928d05690a3940b8bb28422076bf06ac43cfe,scam,scamsniffer
0x5c851d441fc0a03c844b2bb8a5d1019a409045fb,scam,scamsniffer
0xf8bfd79def67c08f2a497c08be0775de3402886c,scam,scamsniffer
0xac927fdd1e2621ef6df38f2848bd373d31159d08,scam,scamsniffer
0x60396e55d31ffe2f8d24c94af43963be5ade3349,scam,scamsniffer
0xe7cb1c645babf81607d91adeaf266ef8202d165f,scam,scamsniffer
0x81cdfb123f25ab1bc00aacce106ac84e7fc84d5b,scam,scamsniffer
0xd030308a2ac47d4d7c456acafe9ea4c20fdbebda,scam,scamsniffer
0x7b0520a9958cd04ec7d6145f0c04be12ccb538b2,scam,scamsniffer
0x64480d380da9abbc9c95f8ca44bfcf1682bb4788,scam,scamsniffer
0x7276ae926e549cfe1306f536b120a8ed1ff85632,scam,scamsniffer
0xf66ddc783cfa428257355eb34cd151df743aa23a,scam,scamsniffer
0x7c53b9fbb969ef5bc020ff810f1840218a33739e,scam,scamsniffer
0x8fbe8655315d6b9ee32fe507db41825ae5b1e770,scam,scamsniffer
0x85bc0d58556f41f0463927c9dcb81d190f452610,scam,scamsniffer
0x1ff272d28d7f89455c00843f26d787b3b3245d8f,scam,scamsniffer
0xa40af2c61296b7950d96ab0a496021df68dc62e3,scam,scamsniffer
0x8c27473263f366b9934940a193ca58da550093a9,scam,scamsniffer
0xaf0a2ac65599e8a9826f969260d0b3f677bdfd08,scam,scamsniffer
0xfd3b554f42e473613545a0f006e48de34a0b95d6,scam,scamsniffer
0x625269a214fa31a8caaff203878fb15d373c2b86,scam,scamsniffer
0xae687a490bbb2ab0e0263f750a3aa6a29754fbd3,scam,scamsniffer
0x618437b3a94596c3e3e733ca4fc0d7b3a34361ab,scam,scamsniffer
0x3da336601df9dccb0203f57922c919649a8981d8,scam,scamsniffer
0x1bd0de55c1db4c759262ceba2ebe87fceeaab12d,scam,scamsniffer
0x2d0b76ec82ac6cdefaa280fd65b9570bb7c733d9,scam,scamsniffer
0x59bd216b973640bf109cb0e244d4404bfb89a528,scam,scamsniffer
0x2a1c54e408c45d701df1f4eb1de1d7006322d64c,scam,scamsniffer
0x7b732e6eb24dc885db7ff417478dea2c1d4d64b2,scam,scamsniffer
0x0c36614d5b794da5918157e0ef104848edd4c71e,scam,scamsniffer
0x371536557bd3d368014612623f0a904411b20952,scam,scamsniffer
0xa70a7bfb8a38b247f35e43894331acef7bc6399d,scam,scamsniffer
0x472de8f722d779f33d65325f18b6aceeef97f1f8,scam,scamsniffer
0xbf28eb4e017e472f9f6c11efabcdcb97f5761707,scam,scamsniffer
0x7b7a7f26db00692ed0bf7cc5aa842f1a9706e296,scam,scamsniffer
0x79a82273b074d9dfa25eda8b6a26f28e2fd35d5b,scam,scamsniffer
0xe8b64212ccba2bbb6bc3b7fb424a695c88388ce5,scam,scamsniffer
0x7d21e718ecf7e5186bd6fda9ff034fd6252f6813,scam,scamsniffer
0xdc9bc901de1c0eb3ee7209982601d44f11cb376c,scam,scamsniffer
0x205670c5aba92402d1a0932b2ae31e05e85ff2c3,scam,scamsniffer
0x9c42011ac4327e94214bab603be6d173ee5b05aa,scam,scamsniffer
0xdcdcf1f321ae47eebbe94f695483529d03e52395,scam,scamsniffer
0x6f5df4312185a5dd85965ff8dc4fc023a15c47b9,scam,scamsniffer
0xe10da2c1edac5e2061b19b3504a7608142d96f59,scam,scamsniffer
0xc8e1c269d2c0754777c500a1af7235b55a570c34,scam,scamsniffer
0xe53f565e326a08eea805f79ba3b381e7bf8507c7,scam,scamsniffer
0x36dcb078457b8a5cf71e628cf82c4a10ac85992a,scam,scamsniffer
0xc37e4ec8f4dcc8d322fc54219c3cf115130abb44,scam,scamsniffer
0x2aaabdf45bf223283d4bca613c848a11642aee64,scam,scamsniffer
0x297df6f21837ce6ab7c24dc035753a8bfe751a8c,scam,scamsniffer
0x6a8198d0c35c299073c054012adde1c34e9f12fc,scam,scamsniffer
0xac32cf9889ef9974cb28e3d69b1b34092aa89248,scam,scamsniffer
0x47ccaea4ce5f881de2654a91a057c6354ad6223a,scam,scamsniffer
0x689b378f9c1ab4c37d25112ca6b8da787eca72ba,scam,scamsniffer
0xd9c7217be8370e8cc370c84d3e4c00a295c8dd23,scam,scamsniffer
0xe13f907f807f784d35e0d1285f52a52076c0ae6c,scam,scamsniffer
0x5032387bfb582283b35fd71ba90df03f0ddd2dab,scam,scamsniffer
0x39d87d4791abb9c027ac28e75675a566e88f6509,scam,scamsniffer
0xdacfbda08f8ec9d857f7baa4d76aabdb243a11ac,scam,scamsniffer
0xdb2dfeddd270b1b2a5e817dfc51e30ba638199c3,scam,scamsniffer
0x053973d64ee9256d6957e3c5d2b5dd100064f07f,scam,scamsniffer
0xb476b65a032ad3e5cd90a677cfe6d072f6e7ae37,scam,scamsniffer
0xfd681f728f99250c522569fcf3b2e6e0e5a7fd19,scam,scamsniffer
0xb27f09b4be98836649c19c294293836695dd97a4,scam,scamsniffer
0xc9b667fae8bc814700b778f155a3229b34053f44,scam,scamsniffer
0x63cffd384f4a880117de9641673a567c4f2c23b6,scam,scamsniffer
0xacf2ba7f6420a602210c1eade6f3b3342b6b6756,scam,scamsniffer
0x21541e17c6d0b12b80fad974911a4eb13a84031f,scam,scamsniffer
0xe3fea8f9c97424e5fad95c11a89baaffb157fc17,scam,scamsniffer
0x862ed3fc70747d888696ac30bc2cdf6e4c1d5c70,scam,scamsniffer
0xc2b9817ce8556f836911f424c23024b80981697b,scam,scamsniffer
0x825b7f43510cdc6113c9c9eb148f2a08a1ed19a5,scam,scamsniffer
0x2ddf89273aad5109c6849b64709d4ded6e7263ae,scam,scamsniffer
0x77c03cf26fd359781d76aa1c72aadd774f5471b3,scam,scamsniffer
0xed5afe2de60281d5247bec81e727c2af0b7d9c71,scam,scamsniffer
0x476eac9f97bf836c749cdc48ceedf425e6be86db,scam,scamsniffer
0x14e55a62898944a39eb86f4cec34e8eda4253499,scam,scamsniffer
0xed6f630c0829cb786d8c83aa51eb611143708ec3,scam,scamsniffer
0x8366c33eee56da4f70da46496578a3ebba6e7e10,scam,scamsniffer
0xa6e042979dfe5839b70ca54c833c7d6343763269,scam,scamsniffer
0xb6a5b73a09d2baa393498bff8e6af502f57022db,scam,scamsniffer
0x01b79e94ec66a303d507bfa4ad82ab5766b37078,scam,scamsniffer
0xf358da5a928cd152226249fa06d580655c66af6f,scam,scamsniffer
0xb20d1f946aa917087d9f0fd23eca11bb7e738fcb,scam,scamsniffer
0x9b4b1010504d10c079d907c6660e43984ecbf62b,scam,scamsniffer
0x040aa7e1f2ea1c4913eac22d53ec9a4ab7deed2c,scam,scamsniffer
0xb714aa2fc03cd6e9c876bdd012591c29396addd1,scam,scamsniffer
0xa0c12e3aeac3e2d28a9a0909f4a982d4995db85d,scam,scamsniffer
0xc3205702a9e793d6a23d1bb19f5531632ef0b768,scam,scamsniffer
0xc296688bfda27ed88db245af58983754506a8588,scam,scamsniffer
0xf0b9f6929e6a99a1e32c6a471ec85b9acfb42605,scam,scamsniffer
0x7b56cb817933411939948b1403fcf365faf5cdf4,scam,scamsniffer
0x2ffdce87e2de466348a589acb4121b476c7605a5,scam,scamsniffer
0x36ae618b4e920048eca5f94b3220831b6e13c4fe,scam,scamsniffer
0xccd315031d722a725fe28e0c5958800b21e8fba1,scam,scamsniffer
0xeda6c3f790e67bcc80f5eacea6cc1c37d80e46ca,scam,scamsniffer
0x65e37c99f403c13aa00be8625515484c26fd5f3a,scam,scamsniffer
0x2204a4da8a937f02a9babc8d6a315735a44c8f08,scam,scamsniffer
0xe23628b070d29a3cee26f1bb3290780941556a8b,scam,scamsniffer
0x82fa497bb1003068e0a10b2b91258ee027ac12ec,scam,scamsniffer
0x433a8562672b2dcd69c97e28c0d0b423434d86fa,scam,scamsniffer
0x96d983263c0689fc990dfb0853621875c48c049d,scam,scamsniffer
0xb96b2eb882d599c8cacc37cdb9c73802a1be36ff,scam,scamsniffer
0x7e4384ad48860ae13107b8c8a2b877191edfe2a6,scam,scamsniffer
0x4543821e2f3e6d3f3e6b3314800262e019f1dfd7,scam,scamsniffer
0x34f3f4ba979e177a517970e014250cab61a80529,scam,scamsniffer
0x2f1b74a151405dc653d0ae5ca3a61c60e4cce220,scam,scamsniffer
0x9a3d1f4555f05fc94380f79d87fc8e19d737f911,scam,scamsniffer
0xdcc91b29aa9795d2a4859294b98e8abb580ecaf1,scam,scamsniffer
0xcbf2b45684aa61085667961a7419ef5bc3187938,scam,scamsniffer
0xec4f11ab6e7e62a135431b82156cc730fdb97d19,scam,scamsniffer
0xcf6624f604222056be37332e594856e829197d89,scam,scamsniffer
0x567d1775308f920908ca2de61b7667f5cd636558,scam,scamsniffer
0xac7be03e3a2c30bcc7eec7f10146d41581f4fce2,scam,scamsniffer
0x9ce67dc9856c9f887ef5a80ae2178d5903864155,scam,scamsniffer
0x2408e38c358f1881ee18d6fe3583454ac991e70b,scam,scamsniffer
0x3550a5f5b55014abb76d867bd268f00a876c472d,scam,scamsniffer
0x19a963a5676877551446a78065462135ca21a7e3,scam,scamsniffer
0x24c65fcc3e8ef57d4848d10ca1ca0372baa29c44,scam,scamsniffer
0xdbd895b56e12e126b52be182412eed8f1398114f,scam,scamsniffer
0x7dafbf82b73be444cb2771191501cc2eec1deb42,scam,scamsniffer
0x5e6ec63f39f75f9af42f3738ea26a034b62ba6a8,scam,scamsniffer
0x5f8c6ebacc92ac94257fa97f36d56fc7060fe07f,scam,scamsniffer
0x91c5dbf465e8ef6fb34fb1a0393fa4bd7de7e0d7,scam,scamsniffer
0x597389e92b18c06fd19c581fbfd9a199e5e1a103,scam,scamsniffer
0xbedb9d008c3c2d7a01f3034aefe882b077b64b94,scam,scamsniffer
0x076fcd40df29d46a4799a7a64c9cc4cea4eb6802,scam,scamsniffer
0x3011630f2fe9e3494f8dd84830b00bb62c11b6c4,scam,scamsniffer
0x7ce41629617d9e71a2dbc0bb855d90cdffcf0ac5,scam,scamsniffer
0x6be253cd909b694476516ca173561ae702b32366,scam,scamsniffer
0xb576859a3b150bae6a748d8fc9a82ebfc1389386,scam,scamsniffer
0x59fed4cbd3434256cf0c23e4361035704e6f5579,scam,scamsniffer
0x1a425786714bd0678698ba3fc158d432a46ed3dd,scam,scamsniffer
0xd48e6da7903cedc25a3ba5a0bab7ac55e86a010b,scam,scamsniffer
0x8336200e11d5ac7c7448b299874ae9d64ffee55d,scam,scamsniffer
0x9a87d4c0a898f3c4c0ed47c551ee10adf234f8b4,scam,scamsniffer
0x036605a5c239644f0f5e81e2a4986f8ab8b58b81,scam,scamsniffer
0x3e54a1fcd9c45e9de7520282b64bb3f8e319aa94,scam,scamsniffer
0x4a631e9c2100378f46fed7d3dcd7ccec2ad67f65,scam,scamsniffer
0xcdcd8230785c422b3d748579a7906c7a1ef89fc9,scam,scamsniffer
0xcbd032dcc07c226122710af02e4320f7ec601182,scam,scamsniffer
0xd2e247ceca9981883472d19e20ed32ee8b94e014,scam,scamsniffer
0x224c66b54b9c05b372a4fb21e82326fb45c91134,scam,scamsniffer
0x0ec3b5af50e2108ac153df21cf07fb38823b48ff,scam,scamsniffer
0xc6ad36bc270ececd4a2f6af43c9b7b15c3037e5d,scam,scamsniffer
0x05086a670e09d3264f3699665163975f5c69b9a6,scam,scamsniffer
0xdcaa3dccf04f1d926fa6860ea9778a923d336fd7,scam,scamsniffer
0xa3ef5dfa96e5863d57f6f7dc56a9a86d39651c51,scam,scamsniffer
0xc062c2a491b6627e3b0dc4b7a19c2a4ea56a1885,scam,scamsniffer
0x28c8d8709a341713bddb3f555de4ef4448e064dd,scam,scamsniffer
0xf4740003307476979ed461cb696bbfb37b480ca1,scam,scamsniffer
0xcab2fd99e002fb29e4ac6aacda371971de1f6bf8,scam,scamsniffer
0xc91a056426017e91bc7fd5c5ca62faa2c1a3191e,scam,scamsniffer
0x2310f36d194f317006c359b8fc4a629b2d0c8619,scam,scamsniffer
0x34205b422c99c2f3ec5dac2f5cbccecd54ad6f26,scam,scamsniffer
0x84563ff63f1b1c49730342a5e7b7b4d0ea258978,scam,scamsniffer
0x7467a92e2a0e8f67d79721e3e3d6af9689f35a2e,scam,scamsniffer
0x4eb96bf67785e6e056a91b77ca89d1d2e10fab7f,scam,scamsniffer
0x3acb5bdb4e844cf2fe1f4ffcfc207b7094846db7,scam,scamsniffer
0xf38c8c1cfc465f5444a1216218da12b86f85ee7b,scam,scamsniffer
0x48c8b0f4d7bb278dd81f00d5bfe4ff2029a1d197,scam,scamsniffer
0x010d271b8e97d593839d9db18fa8d989e9dbb359,scam,scamsniffer
0xf6df07dd0c6b97b1a9905a2491cce776b433b4c6,scam,scamsniffer
0x3a0581cca42427fe9319c13c56df3a6e16dd7d71,scam,scamsniffer
0xeb74194525baaf86e422f14a8c0ffc32c868819c,scam,scamsniffer
0x49ed4715f7cc2424c2a4cc93ba35b5bf50401000,scam,scamsniffer
0x1099ac30cdc4159b7a8c4acca27aa14628d5a93f,scam,scamsniffer
0x9639026be336a0b6e879071beec3f32491425970,scam,scamsniffer
0xb5ee49d4800807221fc6be68c61464ee0446f217,scam,scamsniffer
0x0cc008ca45646595b1179f7806ea1c06a5097035,scam,scamsniffer
0x77e0dede447662d6026f8fffa7beddf12f37bcbe,scam,scamsniffer
0xd1426e1b8d7e938f0036a60966c43effa117feb9,scam,scamsniffer
0x9161eef046fe8894114cc43d81fc6be66e0c725a,scam,scamsniffer
0x28b02b4125799d48872ffb26a7c47762799dfbe1,scam,scamsniffer
0x484e3584a0d38d45ccef0220f8f5bb68dd61aaff,scam,scamsniffer
0x8c12aeaf62da2fa8778f7a6e77526cf98ad76f3b,scam,scamsniffer
0x2e6b74a732e95b507c3875dc0642af977314d959,scam,scamsniffer
0xc56b931f19bfbdb5f7ff3d095cf2a8a87b3de60c,scam,scamsniffer
0xbf2d6b784df3ca1d735ad6f5e51d09c830652f4d,scam,scamsniffer
0xd2613e6e8818967349b8eef41584aaa908a450cb,scam,scamsniffer
0xa0db38548d69879e844020742bfd888c28dcd17f,scam,scamsniffer
0x7e2d35a00d73a534d4d5508e557e0b1c6e60c977,scam,scamsniffer
0xfb1c32fb43fb8bec73f429339e2eef1c50b93046,scam,scamsniffer
0x70010f3715a98bd30b6f235ef961c983656ef26d,scam,scamsniffer
0xdefa315324ac0109f244cd2965b1f61d79a142db,scam,scamsniffer
0xb18493efdb305cb6e541342bb0c72845de58c3c6,scam,scamsniffer
0x6f0aa719dc5c85f594116c359f1f116944da35eb,scam,scamsniffer
0xc9ca30b4b7dc3f2d9f3a618ba411c049d2f5fce6,scam,scamsniffer
0x4e1afe1a284e5b39a596e64020a48c2049362c3b,scam,scamsniffer
0x4b470bdfb79d9767055c9563da07e5e7593f611d,scam,scamsniffer
0xa7ca89befad1b33755ef60e1d9a500286ccccc2a,scam,scamsniffer
0x0d524a5b52737c0a02880d5e84f7d20b8d66bfba,scam,scamsniffer
0xb71cccde6711fb90940342afc4b53568a43bb13e,scam,scamsniffer
0x49c755c49559f3141ae50911c25a9d1285fbb7b4,scam,scamsniffer
0xb0f4291c1691d4bebb580487570b3c9772fae261,scam,scamsniffer
0x29837f19bc2b95c31d8bb5ab612e4d761b3f64d1,scam,scamsniffer
0x343c1f586ce7153c55157ec0caa9c168902c4990,scam,scamsniffer
0x403ad631954bb71f4d5476cd61f395f631bc8824,scam,scamsniffer
0x8f32f3ee0312dca80b8e3e3080fabf2e8a436960,scam,scamsniffer
0x99d8982f2ec40ea56ab622d1e97a451cd210f50e,scam,scamsniffer
0x64057d3d4f9e85be89d44aa825438c9e026cf398,scam,scamsniffer
0xe484a5b7b865fa138a3c3f8e06a02f72168b6a7d,scam,scamsniffer
0x0df6001acdf8c85ab4571769a28571130aeec10c,scam,scamsniffer
0xfdf47bd2072041d501d61b98e8a6792448b3fb36,scam,scamsniffer
0xd18b2b8af867bbaa7a9d211a922397ec49d560ec,scam,scamsniffer
0x38e45cbd710cd9c170a428cf0191cdcbcdc8ac06,scam,scamsniffer
0x9233bb72f1bfdff01df883c60fea4e5c0994ba0f,scam,scamsniffer
0x56ef70c45810dabaa79a3f8323f0c9cc0f42b2a3,scam,scamsniffer
0xf5e85d9c3eca978ccfda62fdf6a2b2552b8f1440,scam,scamsniffer
0xbfe8cd249290109e30ae6db0bd90c62c99b395ec,scam,scamsniffer
0x753d3f577f95f0acbe21c6c0819ab3c6f61288f6,scam,scamsniffer
0x50cc02fa99123c3749b0c674694db87d84dfbacf,scam,scamsniffer
0x86544f7e7a90d05048469d209d6c3d1009e8c3e0,scam,scamsniffer
0x1d6f4d04bcadb831176418778def040726487813,scam,scamsniffer
0x3ea0a4a663a00a9f17f8238c78087b8e51ffd94f,scam,scamsniffer
0xffb0cb50154365f8dca973635a7d769a9301e5bd,scam,scamsniffer
0xf3761fd30a8668eda782f330f1232b0628a0d8eb,scam,scamsniffer
0xfeafb284064b8519e21b0e546ae289034f095d88,scam,scamsniffer
0x20a15509647b3daade13ecfa467a180a807b69f5,scam,scamsniffer
0x818af6a967fb329c04abc9d9e2301483cc268636,scam,scamsniffer
0x05d51381a8e19ee05d292b4c83918ffcb40c78ce,scam,scamsniffer
0x4ddda7f0eaa5203ab369a8807e77c89788aca6fd,scam,scamsniffer
0x08bc4c07a72fd3bf26565516b5d6de1fee715885,scam,scamsniffer
0x149c47ad91a4f01719123a9971b21e112da68d71,scam,scamsniffer
0x1339903db2b4a259208d5c6dd1870574a04f0168,scam,scamsniffer
0xd51ec1eef089e58e21b84842ab3fb20d6c107d56,scam,scamsniffer
0x8cb289a14790c947bf768781ec08d62756dc3941,scam,scamsniffer
0x46b8dc3b3c638ff27eecec73b77de75dfb5888bc,scam,scamsniffer
0xc455103ac468af514171e2a56f1f0f9c7a59dfe6,scam,scamsniffer
0xe68ef95c1a5191d8f71bd6847c4e178ed08c37be,scam,scamsniffer
0x34f77aac4810a075415ba06589d8d76a14008c0f,scam,scamsniffer
0xb8659dc05a5668e502009513e0bfa5cb9bf1579c,scam,scamsniffer
0x0a70ee94a9e03ef2a82ebede121a38843a600f44,scam,scamsniffer
0x4ef71dd289b7d024c8a910b10d660144c58ecead,scam,scamsniffer
0x2dad9db14a5438498007f1b8c363b5ec42354e93,scam,scamsniffer
0x4b3c097e9a6d55314bcc6e362f34e3532bf694d3,scam,scamsniffer
0xfd502d35e47eb08c166d18afc7172083edea9813,scam,scamsniffer
0xcc9419c7b222381fa8bb1e2062bd82421960e295,scam,scamsniffer
0x1fb65ff34b806033ddbaf01a2c80d7263b314346,scam,scamsniffer
0x7c1fb7350d1060fc05ee309ee9692978260dc6a4,scam,scamsniffer
0x822f288add96496e23b9df628986e367e459957e,scam,scamsniffer
0x6ed0ed3afa85d36462e5fb3612994936a55f8c16,scam,scamsniffer
0xd60d9fb23c258f62338c27c7bb80834b14a4978f,scam,scamsniffer
0xa8e9d22a920413cd8607dc3f0b274c9f82f2822c,scam,scamsniffer
0xa9a1f8833f0d0161f4e8f90a418cd7700f940771,scam,scamsniffer
0x9f23dc4c410252bb841644a8f833771cbff97df9,scam,scamsniffer
0x582a7558ee8950a8ac4a739c96c0eabf35e3bb50,scam,scamsniffer
0xcfbf4a7b6b872b4aa5dfe03cbe89939b44c0eb98,scam,scamsniffer
0xfb0eda65ef558efe18903269765dd60cd126be5d,scam,scamsniffer
0x0152f218ce980db7dc2871961bf239f9c8979fc0,scam,scamsniffer
0xf7d7e69023b48eca13baaecce954d7cb6e4169a0,scam,scamsniffer
0x1572e6d687a79a30b7e25e4f3837f7af2ee442e2,scam,scamsniffer
0x030f7745e5abc1e632a86c9121b01ece5d6a9c8f,scam,scamsniffer
0x6651c325047d482f9e16a4f986db33508d89dd41,scam,scamsniffer
0x51f2e367c56a8572fd47f3e28fd4b1cdfef66805,scam,scamsniffer
0x9f6d083c99e5559ae99309732772bf775fd89527,scam,scamsniffer
0x3077d47a741e41c02ed17aae329ce0af77a5c069,scam,scamsniffer
0x36d5dc95503db75e8c014d2f0706f6aa1041fb40,scam,scamsniffer
0xda06ce2f48089939dcca58dcc28b59cf08f3eb15,scam,scamsniffer
0x22714eedf31269f84c7bde6d58f0a4193ec7f15e,scam,scamsniffer
0x4c3c6fda65cec9fe3fe341e3c494811207af8ba3,scam,scamsniffer
0x5e6d9399a9c387053361b9bd1d5706548e425bc8,scam,scamsniffer
0xc029a173ab1167bb9d3106dca2ec8bf77c88a266,scam,scamsniffer
0x68b80574cf8733ebeb0f8056820f84f82f76f323,scam,scamsniffer
0x6625a707a229c9f77b6dddfe88fa8f6f1a03a293,scam,scamsniffer
0xd5e71d5aab68d465a66b8c1da47e35151cae8788,scam,scamsniffer
0x98bddafd42372e862f97a1dae3663bad8ad1ac02,scam,scamsniffer
0x8d50d2eeeed7ea1de60c51ba3f767e48dfbd2320,scam,scamsniffer
0x3a4e46aa64ae9159e12ec5d42cafb24cbcd73bfe,scam,scamsniffer
0xbc80c0bebd7195daad9ff1fba9a9002a680c1305,scam,scamsniffer
0x3e1b1bf9ab7d3285ba19cd2379317b0b54cfd750,scam,scamsniffer
0x84b50512ff85d8b69a0cbce6037945950061f6b0,scam,scamsniffer
0x2f35c7983d7bd79fbab2c58c684cd050c41abba8,scam,scamsniffer
0xe38948bdd74b0791f819f195d628753cb5ba991e,scam,scamsniffer
0x0000098a312e1244f313f83cac319603a97f4582,scam,scamsniffer
0x183bf0190b98c74af9fd94b979352f76ac26cddb,scam,scamsniffer
0x037b5e773fade0a484ac72256cc1f77a4dca7106,scam,scamsniffer
0xe7428c5f4bb09d6a8b2aba12af1bdaa5a2b9c750,scam,scamsniffer
0xf0379be6d406e490bee420743b1116e1785bb54a,scam,scamsniffer
0x0a24ea23b91f7869a4c0d18ba5492a6155701144,scam,scamsniffer
0x9c8492eec168e93be8930133f93fd1fc81776c47,scam,scamsniffer
0xdebcd6708e93276a74410632426e14c7fbc2b860,scam,scamsniffer
0x0b80ace6ba77fb95c61d4832286179ab5bf3fa09,scam,scamsniffer
0xa4674d608d38822765af8bf76562f6457a2c4621,scam,scamsniffer
0x0598e4f1c5c5ad349adbde57bbf58a36267a72e2,scam,scamsniffer
0x087f87ac0a05cfc380be099ea3e721d40226eb2e,scam,scamsniffer
0x8a07b12114b9e7d862877325f3fd61669dacac77,scam,scamsniffer
0x05cc236add269a69e024e45f46deb5fa2d9a5b97,scam,scamsniffer
0x852358bcd1ba90bfc6334b4dd6bf550132dd411a,scam,scamsniffer
0x82d8f4061fcc75d5dbd7904fd7799a402620dc19,scam,scamsniffer
0xae199365a05fbfb16fa63aef80e4c32e51d383dd,scam,scamsniffer
0x40a973f96948c0d90184c7a9ccb36a703711342f,scam,scamsniffer
0xf87ac58dcb458effcad752294f92d5cb05f742cf,scam,scamsniffer
0x61843ec42caf7f3f5e97f96f90725fc7bd3c43dd,scam,scamsniffer
0x51cd8c64345d606f59f866185493e045def976d8,scam,scamsniffer
0x1776c6ca2f1a679193f82d8bdffc7ecd95c3ba7e,scam,scamsniffer
0x869cb16cebbabc0412a24e7e1a8fd280aff9c7b5,scam,scamsniffer
0xae995c8131881243f47dfad0789d5601a5b231be,scam,scamsniffer
0x10c9061a5dec0aeaaa4b50b77e6d3433be5a9173,scam,scamsniffer
0x1d865fe45d735c74a18d67b9ab420c7b5a84da4b,scam,scamsniffer
0x4a29b5b42f8f0f539a9ca9eb706a63703864b689,scam,scamsniffer
0x20ae39ff9fb5340a2e9d737f811053d9026d0b1d,scam,scamsniffer
0x4fa54d58cc9aced0a35445f4023df4841c01b600,scam,scamsniffer
0xd38e66d4176ece009fb767bc705e9d91fc1e7641,scam,scamsniffer
0x48618c851a83303ea2877edcb971ddbf88207b87,scam,scamsniffer
0x187b133d24d8f2fd838ad1b91af19ce968528f06,scam,scamsniffer
0x91843287afecb1e0c92d765672ceeb1da856d6d9,scam,scamsniffer
0xa7061688c5eab3665f57e590390fe8529eb5e3ee,scam,scamsniffer
0xcfb6cf271f61870098eaaa11081057b944233eef,scam,scamsniffer
0x312c88f77ab5958c9e67c6cd6518e4e7aff22f8e,scam,scamsniffer
0x8ab0dcb4037130b62166119d7d1e302c21b6dc38,scam,scamsniffer
0x60f30dafcd3d885174788ebfaec1609b3e867208,scam,scamsniffer
0xfde52c481a11f06c1ed36c3e88e75de1176770b7,scam,scamsniffer
0x28fa22184f3748e116b9288d236b267466a3a017,scam,scamsniffer
0xd3ed4e39917805550a3fe4bfbc02455fee945e9d,scam,scamsniffer
0xabb8472a739c7c2abbcb0e725fb46a87a4be8f2a,scam,scamsniffer
0x76d6fccd16f5d715036845c3d9ebff54ef7571c1,scam,scamsniffer
0xb9ff00698907c2760b9d76c933d9992cbc80be1e,scam,scamsniffer
0x6f4bb89f6290adb36c1eacd24de06332a92a442a,scam,scamsniffer
0x5fd035b7a7f06bf4be4212422ac15d84a8639772,scam,scamsniffer
0x5f0fbf1bb3e553c2edfd887dd9f2308792f162b9,scam,scamsniffer
0x03ceefadda784b04cdce77065d0344d8151a9b16,scam,scamsniffer
0x68ae722be0e8d360325e933bbd584de2a434f815,scam,scamsniffer
0x04f532235aa39abf41c978a1cf8504df013b7b3f,scam,scamsniffer
0xc9985b5a8dd93f5f015a8a2e91fae331d5a3a8fd,scam,scamsniffer
0x10ab9911442329990b0c6928b825b6b2f4216896,scam,scamsniffer
0x9d50f8b26391fbc078a8cdec3fbe8e63d67b34e2,scam,scamsniffer
0x38313c0668c897b6d591a69e0a9fdc9305e67b55,scam,scamsniffer
0x0c54e864a1e938645a2ac3706dc3647ba38a239d,scam,scamsniffer
0x09faf279be240485fc8d77b271deca50b52e8899,scam,scamsniffer
0xb23f665719b9922c787eec70556da3ed050799cc,scam,scamsniffer
0x419ad8d54956e8ed588bb6cb55c2688ac60986c5,scam,scamsniffer
0xce2183fd7e7d296bb9857b39883aaf6f253b70d6,scam,scamsniffer
0x7eebaabe82af2a52949404d377aeff4188286e9d,scam,scamsniffer
0xb74445b68eea267bd16ebdf3325f1b362832c68c,scam,scamsniffer
0x194c07e44b6a7d3b8c64426f031514700e9281bf,scam,scamsniffer
0x53b82176147e1c31b40b6f6ed3711555984f2b5e,scam,scamsniffer
0x310c0b6f012df4d5b08e47fa8e7bfc78ec88a105,scam,scamsniffer
0x0c0d93dfe02021d7d9164ffc45881ec947e611ba,scam,scamsniffer
0x1133805de803d9af378941a09d22de9634bec3e0,scam,scamsniffer
0x00c69f9421a1d58601a61275799cc2aeb443acc8,scam,scamsniffer
0x6efe8236f3e41e0237d75d14d4cc893e0f26b003,scam,scamsniffer
0xd59f94657e6cfd40d3de192cb7d5074941395efd,scam,scamsniffer
0xe36d6371d5742504a8d1679ea7a6aa5d81e82dbb,scam,scamsniffer
0xb56f3d5986b4835b448942490859a6fdfd511324,scam,scamsniffer
0x8975ea150d825e8394076dbed3aca9cf614d6a99,scam,scamsniffer
0x6335ca066cee5af231436d92fa694f1ecbc60e5d,scam,scamsniffer
0x3f0e8aa10346d31cc3e6ff12ff4b480fff6eca51,scam,scamsniffer
0x9aa06b7f6c821c1b0c19c4c60ae217b83d4f70ad,scam,scamsniffer
0x97ee8829546b083b21eb47b10a9c8d440361693b,scam,scamsniffer
0xc1e3224ecec7e216ca2acfba621e523743168c72,scam,scamsniffer
0x0fe7723b20913600fc7bf462346bb0e99eb7d691,scam,scamsniffer
0x3581800afb65f2230b0888acfa17af054fe242ef,scam,scamsniffer
0xfe1e5bee1c157daa26b89b424f150b117c37c858,scam,scamsniffer
0x913f9b4d7ffeec32d885932007711ab0c8710ae7,scam,scamsniffer
0xd075bf8193196c68cec8e5ee487c938b2ceeb401,scam,scamsniffer
0x045b7e329a7a09f0a9efd882db62e9d0f243bc0e,scam,scamsniffer
0xb0c7ec7742e54273460dce98312bb50db574cb3a,scam,scamsniffer
0xbe3d1ffd2a7bea5f91b46a6320f5ceea53b73f1c,scam,scamsniffer
0xbf8c8f20c5fa70de4db53fbaedbc1425884e8c0a,scam,scamsniffer
0x1de7def5f15df36731b96fff106375ff511b84b4,scam,scamsniffer
0xa2e01fd8f960f01b99d7b0c63c65f9f3cd0629cc,scam,scamsniffer
0x41a53a0be497c828f09ebf8462563325b1e82bea,scam,scamsniffer
0xd2bc8e2af8b98701fdac23ccb30a1bcdcb2f8875,scam,scamsniffer
0x29052d47e359b6a339d8ad586951ad461b8556dd,scam,scamsniffer
0x5ff4543a65e3e29f92c002d21757777edd386db5,scam,scamsniffer
0xc189e353ae001a727b1cefecc9c43c68825a6c0f,scam,scamsniffer
0x94ed419ebb0b92188c512efff4b526fe82256388,scam,scamsniffer
0x5cdeae44f986fe1120d594cf21dfbc01f4b3a3f4,scam,scamsniffer
0x587deca23398c0514afb482fada76be97e3e78a0,scam,scamsniffer
0xf591add4f116e9b4b94e17915c963e9b5466720f,scam,scamsniffer
0xa3a406da713a23106459712b45645ac27c84ff72,scam,scamsniffer
0x34c3a43f3f3658a0bba42fe7ffaffe5cc498697c,scam,scamsniffer
0x7502359202de8f2ebaa7229850b4387e1da43b63,scam,scamsniffer
0x7fe421a8fc84d3c58548e32f5d5fb7a7d5757e55,scam,scamsniffer
0xb891307ea0784d5d838a0c8faea0268dec5a6e1f,scam,scamsniffer
0xd86f378396f9e3adb13c23121f1e16e62e0078a8,scam,scamsniffer
0x22448a2dc22bcf6ba363ed88dfd133aba74df4a9,scam,scamsniffer
0x3dc0e3bdf9c02530042d5151fefb29bc9740bb9a,scam,scamsniffer
0x3659a7ad20e886ace6dc2b1cdee383c0e948595e,scam,scamsniffer
0x2bbc6c0827663dc05d5c63ffd05eb624b9edd8b9,scam,scamsniffer
0x35b35dc5f1f36afba2027b74ee174aa57d3b549f,scam,scamsniffer
0x864004adb83b4af504bc421a9848b7508b353a5c,scam,scamsniffer
0x2acbc10f6af960d02b4907e9fec5ea259b038e16,scam,scamsniffer
0xa66fe708796f18f57f78fa1199aabf02a1c84f3b,scam,scamsniffer
0xc33d8f9b4859b7ce8267c5f6eb1526b16ecf0863,scam,scamsniffer
0xf5fcd49311cfe6c86f576b55c6f89c74af34d7fb,scam,scamsniffer
0xc7ed9325c96692b38b88b7cb665596b4e55c2c83,scam,scamsniffer
0xc67e080f74af2a128633546c7bc51203a25a8e9d,scam,scamsniffer
0x4afe18cbf1f12bbad712fea55af296a8d54b6c27,scam,scamsniffer
0xf45bbd2f2ac49c34e03dc15e90241b94d78ec260,scam,scamsniffer
0x1e157f86ceb5560a2d7eb3b8a380c9e67846b885,scam,scamsniffer
0x9433b1e6bd4596a3899d7e576283375b749002af,scam,scamsniffer
0x082666f545ec0c9aa60f2f02d175da4955b954ae,scam,scamsniffer
0x6bf220ed578236b18bfab8d94576625bc32d619e,scam,scamsniffer
0xf7b2ab2321f32607fa8bb13723ae98d1e7bdd099,scam,scamsniffer
0xec2a84a0d06b3ff2a5dc2cd86b159a39d1eb8371,scam,scamsniffer
0xd166225fc80f97d1d912f1c9c98ee776fe726fa3,scam,scamsniffer
0x14e8db36a218d28f38be031421e31e0f1b6fc44e,scam,scamsniffer
0xa07a2e7afe1336334a66368a7f6fb6d10b5cd5b8,scam,scamsniffer
0xffb2b004d89983d55dda6beb927b7d43fbfadf7f,scam,scamsniffer
0xd2089ff4e050a29e85fb5a447f83628e2a697555,scam,scamsniffer
0xaa4633b410d4663cc70f38dec4c462ced17dab1a,scam,scamsniffer
0x86d557409bbae3be8e489c391b42768434ccb4ae,scam,scamsniffer
0x5ae226c5755ca1661715d05139fb8595c9c07235,scam,scamsniffer
0xbb2dfa66ab0a1e707af5e2948102aa0e44d39c01,scam,scamsniffer
0xe48a7dbc5925ff20f7aaf25614c364eb9d01c842,scam,scamsniffer
0x420edf97f811ab258ac8ddbef0e500b0394d6d28,scam,scamsniffer
0xbddc892df7e868e70787d30c83d8062231b033db,scam,scamsniffer
0x0ea77027e0d1ad221661d78ea59bce4389617f53,scam,scamsniffer
0xc5602b6d8f56a145779495d0e21685d5d99c4907,scam,scamsniffer
0x32153e46f9f29639626056db479f54e401b47d8a,scam,scamsniffer
0x49c7be70c9ce7877380a347da62a889a11edb419,scam,scamsniffer
0xfc2ce9373bf72ffa8c1d123f2d24deb1fedd6a47,scam,scamsniffer
0xa934cddc9cf2da7fbed937859de020a4309ccb47,scam,scamsniffer
0xe3717b5399b2cbe01d295f7b1c1e72618b7b26f8,scam,scamsniffer
0x88cd5fcec7f4bb5a267cb610ff1836b800988632,scam,scamsniffer
0xdad38a577e187a684bb751537262f67118fd0408,scam,scamsniffer
0xec407b5ea5f486a3a80a1108a31b3eb37b6bc94f,scam,scamsniffer
0x4189f6c30fd4933a97260afd42a4300fd94a71a3,scam,scamsniffer
0xbd4fee42893e8bac47541dc2b5229d7139186666,scam,scamsniffer
0x236728cd8c96d839f880d277b8e996a2193f7567,scam,scamsniffer
0x522471b31e9be428ff263d075d61da5df3406a7c,scam,scamsniffer
0x47bca5a8fe8d395cb6aa974d0e54d8681cb9cf3d,scam,scamsniffer
0x3c483190eb626490e78e88479fcb5fc5f30069f4,scam,scamsniffer
0x712dd65e00d630b035d1185a61bd902d3a1f150d,scam,scamsniffer
0xa9e5e7868a39ce91bf7a5cd98a1d5f055c2e1beb,scam,scamsniffer
0xd3b0ad4afeb0f576395406f92f8c4c4cb6b61785,scam,scamsniffer
0x3fa8f47bbf2cdd5b01adfd75fa9f0af659dac7db,scam,scamsniffer
0x29ebece4633a264401042e03a2a8f568c1771182,scam,scamsniffer
0x5b4ae7d49421705882e999a75ecdfdfe17da7878,scam,scamsniffer
0x1331e071b1c0d242ca72fe9b3d32a74f2354b1b8,scam,scamsniffer
0xd7544b54a43bf745855edb2b2a20c1fdee3d1afc,scam,scamsniffer
0x0b310ccd59dbadd4a65e8b2833ac64eac1e66926,scam,scamsniffer
0xa8ec0fd060a91e566c3cb305f9245a58f9b0745a,scam,scamsniffer
0x52adb9810284ac185483eb02cfcae1d86034b4b5,scam,scamsniffer
0xb8f955176771a9eef0f0c912c7d4138c46a693f5,scam,scamsniffer
0xc75269b342c1b7f4cbb82e80a7986878ac0f545b,scam,scamsniffer
0x07ebc29f3f7a2c37f1254b395dd469ddd572a857,scam,scamsniffer
0xe258e101a01e84da434e945b295cf02f28d76c30,scam,scamsniffer
0x5fefaecf71ad78357d1bc0b5832a87016e2158cd,scam,scamsniffer
0x5ea744f61feb1f253c671a79f494e43634f70c3d,scam,scamsniffer
0x0cf39331c5dc2cdc43c2345a1d34a1842ff68e63,scam,scamsniffer
0x710b5bb4552f20524232ae3e2467a6dc74b21982,scam,scamsniffer
0xad512ddce9de2b0dc312f91e0e908e9ce40e2bf1,scam,scamsniffer
0xc0aa97378a78dd6ebafc8518349641d9a8cbaa26,scam,scamsniffer
0xd61dbf9c2ac47e243dd08f52f269974841d39d0b,scam,scamsniffer
0xf206c8d17520fd9f8209e57eb7d1eb5a71f1fe9e,scam,scamsniffer
0x0cec7843b9c2b125d837d87f0c9197724a94bf42,scam,scamsniffer
0x20ef1664681413d9b0d705eaad72b8f2b43f8047,scam,scamsniffer
0x29a003692a4fb37fb3c780720514a0694e6704d1,scam,scamsniffer
0x31550495fb0d148b7f665ae7950d04aadcd81332,scam,scamsniffer
0x6e5fb49eb89f0e6dd2f9e0220935a0de3dd35485,scam,scamsniffer
0x09163f7dfd1817b4b6dafddb2d0f37a18c255187,scam,scamsniffer
0x13fb7ad70b732818e745f2bca08af1525ab309a5,scam,scamsniffer
0xa602d1e488a58281dddb3099cfe14e836ef18011,scam,scamsniffer
0xbde488b4a36afca07a4d330fa7aee7bb8cfbff68,scam,scamsniffer
0x0a64c37da4f12d4b34f900b4e6ef8b25617989e4,scam,scamsniffer
0x68144468bc9170c0391b5e2cf75fa4a6fca252d3,scam,scamsniffer
0xd52e9fcb6ab9ba8270de2183e781d98e44f1d8e1,scam,scamsniffer
0xfcb4533ebbac8ded9d09602be40992fa109768c0,scam,scamsniffer
0x3f47cbccda187733b72ebc8b2a9d3d215f82ab78,scam,scamsniffer
0x6e8c07641d2372f328381e6ffda10a17203785af,scam,scamsniffer
0xc741dbd00684be11f234804b6e0ff3ab50239d5f,scam,scamsniffer
0x66fe880c950577bc506cab112ce252dea6aff3df,scam,scamsniffer
0x11c424713e8f67c384fcd0260501c8a36e995c83,scam,scamsniffer
0x2c7c2750284dd3ef6bf6ae0133aab14e3f5d5abe,scam,scamsniffer
0xa05e963b20658afd34f731beef11bb9de8ed1990,scam,scamsniffer
0x4918279e1e514ab52eb91846e58704d5e5cd9417,scam,scamsniffer
0x6268330f39dbaed2631b0f664b2bc042fdd69849,scam,scamsniffer
0x89409a4938bab81edb99e48c508cf3214d077d7d,scam,scamsniffer
0x8459fea4d7d561af55f1eab3a03248a2ad059b6e,scam,scamsniffer
0xcd3c8f4fd25d96913ee69e03564dfde9237b1cce,scam,scamsniffer
0x7d975ed609b30b95b6eff132cb551f4be82d5b75,scam,scamsniffer
0x0ac9797f3d32c068696c48e66d1dc45abe46255f,scam,scamsniffer
0x9355ddb84b1a8377f9ab764459cea38c497408b3,scam,scamsniffer
0xc48ad449a340d789200604e278f3e08d5414f3ef,scam,scamsniffer
0x9959e2974a3478101defdab9bb2f3ca05725ba3d,scam,scamsniffer
0x26b9b5d0a0e3a8df527bd80453a88c64566799e1,scam,scamsniffer
0x81a1b3914e18f1bb7516b4b87806c9ceb8676b85,scam,scamsniffer
0x5db40b7f7cb0c2b03605499308af850112048137,scam,scamsniffer
0xdd892ea715d508a9b8187aa8aabdad6d16477323,scam,scamsniffer
0x7ac02207250ff4fee68e587ee6571f0725376e96,scam,scamsniffer
0x6831176e6d49ae91016ebb276598c1f227a7ae52,scam,scamsniffer
0xc2bc71b3720f7cb37181b9be1aa404b7025477c0,scam,scamsniffer
0x610cb908a442b5d49f2e001f6934965a899a141d,scam,scamsniffer
0x1d5071048370df50839c8879cdf5144ace4b3b3b,scam,scamsniffer
